Plan,Ligas,x2,x3,x4,Rm,Vc,ap,f,Lub,Valor,Resp
PCC,1350o,-1.0,1.0,-1.0,71.38,200.0,4.0,0.2,Jorro,792.15076,Fc
PCC,1350o,1.0,1.0,-1.0,71.38,600.0,4.0,0.2,Jorro,681.54369,Fc
PCC,1350o,-1.0,1.0,1.0,71.38,200.0,4.0,0.35,Jorro,1232.2179,Fc
PCC,1350o,1.0,1.0,1.0,71.38,600.0,4.0,0.35,Jorro,986.32308,Fc
PCC,1350o,-1.0,-1.0,-1.0,71.38,200.0,1.0,0.2,Jorro,197.42622,Fc
PCC,1350o,1.0,-1.0,-1.0,71.38,600.0,1.0,0.2,Jorro,145.11342,Fc
PCC,1350o,-1.0,-1.0,1.0,71.38,200.0,1.0,0.35,Jorro,310.93337,Fc
PCC,1350o,1.0,-1.0,1.0,71.38,600.0,1.0,0.35,Jorro,235.7865,Fc
PCC,1350o,0.0,1.4142136,0.0,71.38,400.0,4.6213,0.275,Jorro,979.87344,Fc
PCC,1350o,0.0,0.0,-1.4142136,71.38,400.0,2.5,0.1689,Jorro,415.59514,Fc
PCC,1350o,-1.4142136,0.0,0.0,71.38,117.1573,2.5,0.275,Jorro,783.03512,Fc
PCC,1350o,0.0,0.0,0.0,71.38,400.0,2.5,0.275,Jorro,593.86458,Fc
PCC,1350o,0.0,0.0,0.0,71.38,400.0,2.5,0.275,Jorro,610.77666,Fc
PCC,1350o,0.0,0.0,0.0,71.38,400.0,2.5,0.275,Jorro,645.53031,Fc
PCC,1350o,0.0,0.0,0.0,71.38,400.0,2.5,0.275,Jorro,661.13162,Fc
PCC,1350o,1.4142136,0.0,0.0,71.38,682.8427,2.5,0.275,Jorro,492.52383,Fc
PCC,1350o,0.0,0.0,1.4142136,71.38,400.0,2.5,0.3811,Jorro,768.00447,Fc
PCC,1350o,0.0,-1.4142136,0.0,71.38,400.0,0.3787,0.275,Jorro,34.959848,Fc
PCC,6082t4,-1.0,1.0,-1.0,294.23,200.0,4.0,0.2,Jorro,607.58985,Fc
PCC,6082t4,1.0,1.0,-1.0,294.23,600.0,4.0,0.2,Jorro,551.17308,Fc
PCC,6082t4,-1.0,1.0,1.0,294.23,200.0,4.0,0.35,Jorro,994.46711,Fc
PCC,6082t4,1.0,1.0,1.0,294.23,600.0,4.0,0.35,Jorro,905.64706,Fc
PCC,6082t4,-1.0,-1.0,-1.0,294.23,200.0,1.0,0.2,Jorro,137.8916,Fc
PCC,6082t4,1.0,-1.0,-1.0,294.23,600.0,1.0,0.2,Jorro,129.14576,Fc
PCC,6082t4,-1.0,-1.0,1.0,294.23,200.0,1.0,0.35,Jorro,225.50775,Fc
PCC,6082t4,1.0,-1.0,1.0,294.23,600.0,1.0,0.35,Jorro,199.81511,Fc
PCC,6082t4,0.0,1.4142136,0.0,294.23,400.0,4.6213,0.275,Jorro,778.67512,Fc
PCC,6082t4,0.0,0.0,-1.4142136,294.23,400.0,2.5,0.1689,Jorro,286.41559,Fc
PCC,6082t4,-1.4142136,0.0,0.0,294.23,117.1573,2.5,0.275,Jorro,490.52872,Fc
PCC,6082t4,0.0,0.0,0.0,294.23,400.0,2.5,0.275,Jorro,429.59087,Fc
PCC,6082t4,0.0,0.0,0.0,294.23,400.0,2.5,0.275,Jorro,436.74385,Fc
PCC,6082t4,0.0,0.0,0.0,294.23,400.0,2.5,0.275,Jorro,434.59231,Fc
PCC,6082t4,0.0,0.0,0.0,294.23,400.0,2.5,0.275,Jorro,435.0716,Fc
PCC,6082t4,1.4142136,0.0,0.0,294.23,682.8427,2.5,0.275,Jorro,406.52473,Fc
PCC,6082t4,0.0,0.0,1.4142136,294.23,400.0,2.5,0.3811,Jorro,499.18896,Fc
PCC,6082t4,0.0,-1.4142136,0.0,294.23,400.0,0.3787,0.275,Jorro,78.834208,Fc
PCC,6262t6,-1.0,1.0,-1.0,297.8,200.0,4.0,0.2,Jorro,509.01604,Fc
PCC,6262t6,1.0,1.0,-1.0,297.8,600.0,4.0,0.2,Jorro,512.96727,Fc
PCC,6262t6,-1.0,1.0,1.0,297.8,200.0,4.0,0.35,Jorro,868.99459,Fc
PCC,6262t6,1.0,1.0,1.0,297.8,600.0,4.0,0.35,Jorro,831.4643,Fc
PCC,6262t6,-1.0,-1.0,-1.0,297.8,200.0,1.0,0.2,Jorro,128.72908,Fc
PCC,6262t6,1.0,-1.0,-1.0,297.8,600.0,1.0,0.2,Jorro,127.94929,Fc
PCC,6262t6,-1.0,-1.0,1.0,297.8,200.0,1.0,0.35,Jorro,201.74462,Fc
PCC,6262t6,1.0,-1.0,1.0,297.8,600.0,1.0,0.35,Jorro,197.39781,Fc
PCC,6262t6,0.0,1.4142136,0.0,297.8,400.0,4.6213,0.275,Jorro,775.62723,Fc
PCC,6262t6,0.0,0.0,-1.4142136,297.8,400.0,2.5,0.1689,Jorro,269.70051,Fc
PCC,6262t6,-1.4142136,0.0,0.0,297.8,117.1573,2.5,0.275,Jorro,437.65773,Fc
PCC,6262t6,0.0,0.0,0.0,297.8,400.0,2.5,0.275,Jorro,429.54339,Fc
PCC,6262t6,0.0,0.0,0.0,297.8,400.0,2.5,0.275,Jorro,435.34668,Fc
PCC,6262t6,0.0,0.0,0.0,297.8,400.0,2.5,0.275,Jorro,438.12318,Fc
PCC,6262t6,0.0,0.0,0.0,297.8,400.0,2.5,0.275,Jorro,439.28899,Fc
PCC,6262t6,1.4142136,0.0,0.0,297.8,682.8427,2.5,0.275,Jorro,422.68855,Fc
PCC,6262t6,0.0,0.0,1.4142136,297.8,400.0,2.5,0.3811,Jorro,568.32786,Fc
PCC,6262t6,0.0,-1.4142136,0.0,297.8,400.0,0.3787,0.275,Jorro,65.311696,Fc
PCC,6351t6,-1.0,1.0,-1.0,335.53,200.0,4.0,0.2,Jorro,630.26426,Fc
PCC,6351t6,1.0,1.0,-1.0,335.53,600.0,4.0,0.2,Jorro,583.86638,Fc
PCC,6351t6,-1.0,1.0,1.0,335.53,200.0,4.0,0.35,Jorro,1032.9967,Fc
PCC,6351t6,1.0,1.0,1.0,335.53,600.0,4.0,0.35,Jorro,926.25164,Fc
PCC,6351t6,-1.0,-1.0,-1.0,335.53,200.0,1.0,0.2,Jorro,163.08985,Fc
PCC,6351t6,1.0,-1.0,-1.0,335.53,600.0,1.0,0.2,Jorro,147.99948,Fc
PCC,6351t6,-1.0,-1.0,1.0,335.53,200.0,1.0,0.35,Jorro,254.53774,Fc
PCC,6351t6,1.0,-1.0,1.0,335.53,600.0,1.0,0.35,Jorro,224.95512,Fc
PCC,6351t6,0.0,1.4142136,0.0,335.53,400.0,4.6213,0.275,Jorro,768.94008,Fc
PCC,6351t6,0.0,0.0,-1.4142136,335.53,400.0,2.5,0.1689,Jorro,300.98471,Fc
PCC,6351t6,-1.4142136,0.0,0.0,335.53,117.1573,2.5,0.275,Jorro,501.65008,Fc
PCC,6351t6,0.0,0.0,0.0,335.53,400.0,2.5,0.275,Jorro,433.60933,Fc
PCC,6351t6,0.0,0.0,0.0,335.53,400.0,2.5,0.275,Jorro,439.54845,Fc
PCC,6351t6,0.0,0.0,0.0,335.53,400.0,2.5,0.275,Jorro,437.27952,Fc
PCC,6351t6,0.0,0.0,0.0,335.53,400.0,2.5,0.275,Jorro,443.5292,Fc
PCC,6351t6,1.4142136,0.0,0.0,335.53,682.8427,2.5,0.275,Jorro,432.89703,Fc
PCC,6351t6,0.0,0.0,1.4142136,335.53,400.0,2.5,0.3811,Jorro,580.36613,Fc
PCC,6351t6,0.0,-1.4142136,0.0,335.53,400.0,0.3787,0.275,Jorro,72.126822,Fc
PCC,7075t6,-1.0,1.0,-1.0,571.47,200.0,4.0,0.2,Jorro,748.7545,Fc
PCC,7075t6,1.0,1.0,-1.0,571.47,600.0,4.0,0.2,Jorro,677.63984,Fc
PCC,7075t6,-1.0,1.0,1.0,571.47,200.0,4.0,0.35,Jorro,1150.4096,Fc
PCC,7075t6,1.0,1.0,1.0,571.47,600.0,4.0,0.35,Jorro,991.72327,Fc
PCC,7075t6,-1.0,-1.0,-1.0,571.47,200.0,1.0,0.2,Jorro,166.69755,Fc
PCC,7075t6,1.0,-1.0,-1.0,571.47,600.0,1.0,0.2,Jorro,153.30865,Fc
PCC,7075t6,-1.0,-1.0,1.0,571.47,200.0,1.0,0.35,Jorro,256.95741,Fc
PCC,7075t6,1.0,-1.0,1.0,571.47,600.0,1.0,0.35,Jorro,237.71174,Fc
PCC,7075t6,0.0,1.4142136,0.0,571.47,400.0,4.6213,0.275,Jorro,922.93714,Fc
PCC,7075t6,0.0,0.0,-1.4142136,571.47,400.0,2.5,0.1689,Jorro,377.22789,Fc
PCC,7075t6,-1.4142136,0.0,0.0,571.47,117.1573,2.5,0.275,Jorro,564.23665,Fc
PCC,7075t6,0.0,0.0,0.0,571.47,400.0,2.5,0.275,Jorro,518.19546,Fc
PCC,7075t6,0.0,0.0,0.0,571.47,400.0,2.5,0.275,Jorro,518.29814,Fc
PCC,7075t6,0.0,0.0,0.0,571.47,400.0,2.5,0.275,Jorro,522.35079,Fc
PCC,7075t6,0.0,0.0,0.0,571.47,400.0,2.5,0.275,Jorro,520.39463,Fc
PCC,7075t6,1.4142136,0.0,0.0,571.47,682.8427,2.5,0.275,Jorro,491.05847,Fc
PCC,7075t6,0.0,0.0,1.4142136,571.47,400.0,2.5,0.3811,Jorro,636.36377,Fc
PCC,7075t6,0.0,-1.4142136,0.0,571.47,400.0,0.3787,0.275,Jorro,84.799284,Fc
PCC,7075t73,-1.0,1.0,-1.0,502.35,200.0,4.0,0.2,Jorro,680.46561,Fc
PCC,7075t73,1.0,1.0,-1.0,502.35,600.0,4.0,0.2,Jorro,647.92585,Fc
PCC,7075t73,-1.0,1.0,1.0,502.35,200.0,4.0,0.35,Jorro,1132.3096,Fc
PCC,7075t73,1.0,1.0,1.0,502.35,600.0,4.0,0.35,Jorro,1023.3934,Fc
PCC,7075t73,-1.0,-1.0,-1.0,502.35,200.0,1.0,0.2,Jorro,174.14427,Fc
PCC,7075t73,1.0,-1.0,-1.0,502.35,600.0,1.0,0.2,Jorro,158.98637,Fc
PCC,7075t73,-1.0,-1.0,1.0,502.35,200.0,1.0,0.35,Jorro,279.97062,Fc
PCC,7075t73,1.0,-1.0,1.0,502.35,600.0,1.0,0.35,Jorro,255.06557,Fc
PCC,7075t73,0.0,1.4142136,0.0,502.35,400.0,4.6213,0.275,Jorro,848.14333,Fc
PCC,7075t73,0.0,0.0,-1.4142136,502.35,400.0,2.5,0.1689,Jorro,315.80443,Fc
PCC,7075t73,-1.4142136,0.0,0.0,502.35,117.1573,2.5,0.275,Jorro,519.84315,Fc
PCC,7075t73,0.0,0.0,0.0,502.35,400.0,2.5,0.275,Jorro,472.64099,Fc
PCC,7075t73,0.0,0.0,0.0,502.35,400.0,2.5,0.275,Jorro,475.01243,Fc
PCC,7075t73,0.0,0.0,0.0,502.35,400.0,2.5,0.275,Jorro,470.10617,Fc
PCC,7075t73,0.0,0.0,0.0,502.35,400.0,2.5,0.275,Jorro,478.93678,Fc
PCC,7075t73,1.4142136,0.0,0.0,502.35,682.8427,2.5,0.275,Jorro,459.59096,Fc
PCC,7075t73,0.0,0.0,1.4142136,502.35,400.0,2.5,0.3811,Jorro,616.54501,Fc
PCC,7075t73,0.0,-1.4142136,0.0,502.35,400.0,0.3787,0.275,Jorro,79.618785,Fc
PCC,1350o,-1.0,1.0,-1.0,71.38,200.0,4.0,0.2,Jorro,323.81691,Ff
PCC,1350o,1.0,1.0,-1.0,71.38,600.0,4.0,0.2,Jorro,234.16844,Ff
PCC,1350o,-1.0,1.0,1.0,71.38,200.0,4.0,0.35,Jorro,440.98944,Ff
PCC,1350o,1.0,1.0,1.0,71.38,600.0,4.0,0.35,Jorro,230.14837,Ff
PCC,1350o,-1.0,-1.0,-1.0,71.38,200.0,1.0,0.2,Jorro,74.130789,Ff
PCC,1350o,1.0,-1.0,-1.0,71.38,600.0,1.0,0.2,Jorro,41.256339,Ff
PCC,1350o,-1.0,-1.0,1.0,71.38,200.0,1.0,0.35,Jorro,108.11242,Ff
PCC,1350o,1.0,-1.0,1.0,71.38,600.0,1.0,0.35,Jorro,52.683209,Ff
PCC,1350o,0.0,1.4142136,0.0,71.38,400.0,4.6213,0.275,Jorro,657.15581,Ff
PCC,1350o,0.0,0.0,-1.4142136,71.38,400.0,2.5,0.1689,Jorro,284.10987,Ff
PCC,1350o,-1.4142136,0.0,0.0,71.38,117.1573,2.5,0.275,Jorro,645.65918,Ff
PCC,1350o,0.0,0.0,0.0,71.38,400.0,2.5,0.275,Jorro,414.63126,Ff
PCC,1350o,0.0,0.0,0.0,71.38,400.0,2.5,0.275,Jorro,425.03309,Ff
PCC,1350o,0.0,0.0,0.0,71.38,400.0,2.5,0.275,Jorro,482.2204,Ff
PCC,1350o,0.0,0.0,0.0,71.38,400.0,2.5,0.275,Jorro,539.92385,Ff
PCC,1350o,1.4142136,0.0,0.0,71.38,682.8427,2.5,0.275,Jorro,297.01017,Ff
PCC,1350o,0.0,0.0,1.4142136,71.38,400.0,2.5,0.3811,Jorro,583.71365,Ff
PCC,1350o,0.0,-1.4142136,0.0,71.38,400.0,0.3787,0.275,Jorro,9.5489371,Ff
PCC,6082t4,-1.0,1.0,-1.0,294.23,200.0,4.0,0.2,Jorro,167.77586,Ff
PCC,6082t4,1.0,1.0,-1.0,294.23,600.0,4.0,0.2,Jorro,96.830486,Ff
PCC,6082t4,-1.0,1.0,1.0,294.23,200.0,4.0,0.35,Jorro,215.39427,Ff
PCC,6082t4,1.0,1.0,1.0,294.23,600.0,4.0,0.35,Jorro,98.44993,Ff
PCC,6082t4,-1.0,-1.0,-1.0,294.23,200.0,1.0,0.2,Jorro,36.206404,Ff
PCC,6082t4,1.0,-1.0,-1.0,294.23,600.0,1.0,0.2,Jorro,20.984144,Ff
PCC,6082t4,-1.0,-1.0,1.0,294.23,200.0,1.0,0.35,Jorro,46.784254,Ff
PCC,6082t4,1.0,-1.0,1.0,294.23,600.0,1.0,0.35,Jorro,13.577133,Ff
PCC,6082t4,0.0,1.4142136,0.0,294.23,400.0,4.6213,0.275,Jorro,174.86763,Ff
PCC,6082t4,0.0,0.0,-1.4142136,294.23,400.0,2.5,0.1689,Jorro,104.86645,Ff
PCC,6082t4,-1.4142136,0.0,0.0,294.23,117.1573,2.5,0.275,Jorro,187.05152,Ff
PCC,6082t4,0.0,0.0,0.0,294.23,400.0,2.5,0.275,Jorro,104.61647,Ff
PCC,6082t4,0.0,0.0,0.0,294.23,400.0,2.5,0.275,Jorro,107.63198,Ff
PCC,6082t4,0.0,0.0,0.0,294.23,400.0,2.5,0.275,Jorro,107.63517,Ff
PCC,6082t4,0.0,0.0,0.0,294.23,400.0,2.5,0.275,Jorro,105.11728,Ff
PCC,6082t4,1.4142136,0.0,0.0,294.23,682.8427,2.5,0.275,Jorro,76.17424,Ff
PCC,6082t4,0.0,0.0,1.4142136,294.23,400.0,2.5,0.3811,Jorro,102.08519,Ff
PCC,6082t4,0.0,-1.4142136,0.0,294.23,400.0,0.3787,0.275,Jorro,13.334491,Ff
PCC,6262t6,-1.0,1.0,-1.0,297.8,200.0,4.0,0.2,Jorro,81.993661,Ff
PCC,6262t6,1.0,1.0,-1.0,297.8,600.0,4.0,0.2,Jorro,82.266643,Ff
PCC,6262t6,-1.0,1.0,1.0,297.8,200.0,4.0,0.35,Jorro,125.29388,Ff
PCC,6262t6,1.0,1.0,1.0,297.8,600.0,4.0,0.35,Jorro,74.290732,Ff
PCC,6262t6,-1.0,-1.0,-1.0,297.8,200.0,1.0,0.2,Jorro,20.641205,Ff
PCC,6262t6,1.0,-1.0,-1.0,297.8,600.0,1.0,0.2,Jorro,19.776388,Ff
PCC,6262t6,-1.0,-1.0,1.0,297.8,200.0,1.0,0.35,Jorro,17.7585,Ff
PCC,6262t6,1.0,-1.0,1.0,297.8,600.0,1.0,0.35,Jorro,12.115118,Ff
PCC,6262t6,0.0,1.4142136,0.0,297.8,400.0,4.6213,0.275,Jorro,86.237127,Ff
PCC,6262t6,0.0,0.0,-1.4142136,297.8,400.0,2.5,0.1689,Jorro,56.098057,Ff
PCC,6262t6,-1.4142136,0.0,0.0,297.8,117.1573,2.5,0.275,Jorro,74.547094,Ff
PCC,6262t6,0.0,0.0,0.0,297.8,400.0,2.5,0.275,Jorro,50.791368,Ff
PCC,6262t6,0.0,0.0,0.0,297.8,400.0,2.5,0.275,Jorro,51.160979,Ff
PCC,6262t6,0.0,0.0,0.0,297.8,400.0,2.5,0.275,Jorro,50.83347,Ff
PCC,6262t6,0.0,0.0,0.0,297.8,400.0,2.5,0.275,Jorro,52.415276,Ff
PCC,6262t6,1.4142136,0.0,0.0,297.8,682.8427,2.5,0.275,Jorro,35.045719,Ff
PCC,6262t6,0.0,0.0,1.4142136,297.8,400.0,2.5,0.3811,Jorro,41.86783,Ff
PCC,6262t6,0.0,-1.4142136,0.0,297.8,400.0,0.3787,0.275,Jorro,5.3757579,Ff
PCC,6351t6,-1.0,1.0,-1.0,335.53,200.0,4.0,0.2,Jorro,141.16721,Ff
PCC,6351t6,1.0,1.0,-1.0,335.53,600.0,4.0,0.2,Jorro,87.833838,Ff
PCC,6351t6,-1.0,1.0,1.0,335.53,200.0,4.0,0.35,Jorro,165.68446,Ff
PCC,6351t6,1.0,1.0,1.0,335.53,600.0,4.0,0.35,Jorro,70.569706,Ff
PCC,6351t6,-1.0,-1.0,-1.0,335.53,200.0,1.0,0.2,Jorro,40.352593,Ff
PCC,6351t6,1.0,-1.0,-1.0,335.53,600.0,1.0,0.2,Jorro,24.398348,Ff
PCC,6351t6,-1.0,-1.0,1.0,335.53,200.0,1.0,0.35,Jorro,41.310861,Ff
PCC,6351t6,1.0,-1.0,1.0,335.53,600.0,1.0,0.35,Jorro,13.586156,Ff
PCC,6351t6,0.0,1.4142136,0.0,335.53,400.0,4.6213,0.275,Jorro,110.42148,Ff
PCC,6351t6,0.0,0.0,-1.4142136,335.53,400.0,2.5,0.1689,Jorro,66.259648,Ff
PCC,6351t6,-1.4142136,0.0,0.0,335.53,117.1573,2.5,0.275,Jorro,146.37134,Ff
PCC,6351t6,0.0,0.0,0.0,335.53,400.0,2.5,0.275,Jorro,60.400084,Ff
PCC,6351t6,0.0,0.0,0.0,335.53,400.0,2.5,0.275,Jorro,61.681792,Ff
PCC,6351t6,0.0,0.0,0.0,335.53,400.0,2.5,0.275,Jorro,61.469552,Ff
PCC,6351t6,0.0,0.0,0.0,335.53,400.0,2.5,0.275,Jorro,63.500258,Ff
PCC,6351t6,1.4142136,0.0,0.0,335.53,682.8427,2.5,0.275,Jorro,41.2998,Ff
PCC,6351t6,0.0,0.0,1.4142136,335.53,400.0,2.5,0.3811,Jorro,61.56473,Ff
PCC,6351t6,0.0,-1.4142136,0.0,335.53,400.0,0.3787,0.275,Jorro,11.306706,Ff
PCC,7075t6,-1.0,1.0,-1.0,571.47,200.0,4.0,0.2,Jorro,233.16933,Ff
PCC,7075t6,1.0,1.0,-1.0,571.47,600.0,4.0,0.2,Jorro,185.18923,Ff
PCC,7075t6,-1.0,1.0,1.0,571.47,200.0,4.0,0.35,Jorro,221.74455,Ff
PCC,7075t6,1.0,1.0,1.0,571.47,600.0,4.0,0.35,Jorro,166.85187,Ff
PCC,7075t6,-1.0,-1.0,-1.0,571.47,200.0,1.0,0.2,Jorro,31.542137,Ff
PCC,7075t6,1.0,-1.0,-1.0,571.47,600.0,1.0,0.2,Jorro,24.853994,Ff
PCC,7075t6,-1.0,-1.0,1.0,571.47,200.0,1.0,0.35,Jorro,30.50981,Ff
PCC,7075t6,1.0,-1.0,1.0,571.47,600.0,1.0,0.35,Jorro,11.79695,Ff
PCC,7075t6,0.0,1.4142136,0.0,571.47,400.0,4.6213,0.275,Jorro,133.96245,Ff
PCC,7075t6,0.0,0.0,-1.4142136,571.47,400.0,2.5,0.1689,Jorro,133.13855,Ff
PCC,7075t6,-1.4142136,0.0,0.0,571.47,117.1573,2.5,0.275,Jorro,158.28659,Ff
PCC,7075t6,0.0,0.0,0.0,571.47,400.0,2.5,0.275,Jorro,112.26782,Ff
PCC,7075t6,0.0,0.0,0.0,571.47,400.0,2.5,0.275,Jorro,113.22855,Ff
PCC,7075t6,0.0,0.0,0.0,571.47,400.0,2.5,0.275,Jorro,113.81851,Ff
PCC,7075t6,0.0,0.0,0.0,571.47,400.0,2.5,0.275,Jorro,114.91478,Ff
PCC,7075t6,1.4142136,0.0,0.0,571.47,682.8427,2.5,0.275,Jorro,106.01169,Ff
PCC,7075t6,0.0,0.0,1.4142136,571.47,400.0,2.5,0.3811,Jorro,101.38534,Ff
PCC,7075t6,0.0,-1.4142136,0.0,571.47,400.0,0.3787,0.275,Jorro,13.957323,Ff
PCC,7075t73,-1.0,1.0,-1.0,502.35,200.0,4.0,0.2,Jorro,215.25125,Ff
PCC,7075t73,1.0,1.0,-1.0,502.35,600.0,4.0,0.2,Jorro,204.87591,Ff
PCC,7075t73,-1.0,1.0,1.0,502.35,200.0,4.0,0.35,Jorro,253.58874,Ff
PCC,7075t73,1.0,1.0,1.0,502.35,600.0,4.0,0.35,Jorro,187.24317,Ff
PCC,7075t73,-1.0,-1.0,-1.0,502.35,200.0,1.0,0.2,Jorro,43.470684,Ff
PCC,7075t73,1.0,-1.0,-1.0,502.35,600.0,1.0,0.2,Jorro,30.393078,Ff
PCC,7075t73,-1.0,-1.0,1.0,502.35,200.0,1.0,0.35,Jorro,42.873599,Ff
PCC,7075t73,1.0,-1.0,1.0,502.35,600.0,1.0,0.35,Jorro,23.306581,Ff
PCC,7075t73,0.0,1.4142136,0.0,502.35,400.0,4.6213,0.275,Jorro,74.34692,Ff
PCC,7075t73,0.0,0.0,-1.4142136,502.35,400.0,2.5,0.1689,Jorro,57.179695,Ff
PCC,7075t73,-1.4142136,0.0,0.0,502.35,117.1573,2.5,0.275,Jorro,142.96262,Ff
PCC,7075t73,0.0,0.0,0.0,502.35,400.0,2.5,0.275,Jorro,45.128054,Ff
PCC,7075t73,0.0,0.0,0.0,502.35,400.0,2.5,0.275,Jorro,45.320867,Ff
PCC,7075t73,0.0,0.0,0.0,502.35,400.0,2.5,0.275,Jorro,46.499701,Ff
PCC,7075t73,0.0,0.0,0.0,502.35,400.0,2.5,0.275,Jorro,45.631362,Ff
PCC,7075t73,1.4142136,0.0,0.0,502.35,682.8427,2.5,0.275,Jorro,20.565612,Ff
PCC,7075t73,0.0,0.0,1.4142136,502.35,400.0,2.5,0.3811,Jorro,27.600255,Ff
PCC,7075t73,0.0,-1.4142136,0.0,502.35,400.0,0.3787,0.275,Jorro,5.758731,Ff
PCC,1350o,-1.0,1.0,-1.0,71.38,200.0,4.0,0.2,Jorro,45.676949,Fp
PCC,1350o,1.0,1.0,-1.0,71.38,600.0,4.0,0.2,Jorro,37.547403,Fp
PCC,1350o,-1.0,1.0,1.0,71.38,200.0,4.0,0.35,Jorro,75.061508,Fp
PCC,1350o,1.0,1.0,1.0,71.38,600.0,4.0,0.35,Jorro,23.054772,Fp
PCC,1350o,-1.0,-1.0,-1.0,71.38,200.0,1.0,0.2,Jorro,47.500944,Fp
PCC,1350o,1.0,-1.0,-1.0,71.38,600.0,1.0,0.2,Jorro,18.492263,Fp
PCC,1350o,-1.0,-1.0,1.0,71.38,200.0,1.0,0.35,Jorro,72.34172,Fp
PCC,1350o,1.0,-1.0,1.0,71.38,600.0,1.0,0.35,Jorro,31.210308,Fp
PCC,1350o,0.0,1.4142136,0.0,71.38,400.0,4.6213,0.275,Jorro,60.021642,Fp
PCC,1350o,0.0,0.0,-1.4142136,71.38,400.0,2.5,0.1689,Jorro,54.600557,Fp
PCC,1350o,-1.4142136,0.0,0.0,71.38,117.1573,2.5,0.275,Jorro,170.21891,Fp
PCC,1350o,0.0,0.0,0.0,71.38,400.0,2.5,0.275,Jorro,83.383421,Fp
PCC,1350o,0.0,0.0,0.0,71.38,400.0,2.5,0.275,Jorro,89.1806,Fp
PCC,1350o,0.0,0.0,0.0,71.38,400.0,2.5,0.275,Jorro,92.516588,Fp
PCC,1350o,0.0,0.0,0.0,71.38,400.0,2.5,0.275,Jorro,101.9881,Fp
PCC,1350o,1.4142136,0.0,0.0,71.38,682.8427,2.5,0.275,Jorro,49.384198,Fp
PCC,1350o,0.0,0.0,1.4142136,71.38,400.0,2.5,0.3811,Jorro,123.44742,Fp
PCC,1350o,0.0,-1.4142136,0.0,71.38,400.0,0.3787,0.275,Jorro,27.11577,Fp
PCC,6082t4,-1.0,1.0,-1.0,294.23,200.0,4.0,0.2,Jorro,-7.1622159,Fp
PCC,6082t4,1.0,1.0,-1.0,294.23,600.0,4.0,0.2,Jorro,-16.851996,Fp
PCC,6082t4,-1.0,1.0,1.0,294.23,200.0,4.0,0.35,Jorro,-10.316925,Fp
PCC,6082t4,1.0,1.0,1.0,294.23,600.0,4.0,0.35,Jorro,-20.490205,Fp
PCC,6082t4,-1.0,-1.0,-1.0,294.23,200.0,1.0,0.2,Jorro,11.809823,Fp
PCC,6082t4,1.0,-1.0,-1.0,294.23,600.0,1.0,0.2,Jorro,-3.3493994,Fp
PCC,6082t4,-1.0,-1.0,1.0,294.23,200.0,1.0,0.35,Jorro,13.364521,Fp
PCC,6082t4,1.0,-1.0,1.0,294.23,600.0,1.0,0.35,Jorro,-8.3200019,Fp
PCC,6082t4,0.0,1.4142136,0.0,294.23,400.0,4.6213,0.275,Jorro,-17.020792,Fp
PCC,6082t4,0.0,0.0,-1.4142136,294.23,400.0,2.5,0.1689,Jorro,-13.381371,Fp
PCC,6082t4,-1.4142136,0.0,0.0,294.23,117.1573,2.5,0.275,Jorro,-12.086765,Fp
PCC,6082t4,0.0,0.0,0.0,294.23,400.0,2.5,0.275,Jorro,-26.80097,Fp
PCC,6082t4,0.0,0.0,0.0,294.23,400.0,2.5,0.275,Jorro,-17.766249,Fp
PCC,6082t4,0.0,0.0,0.0,294.23,400.0,2.5,0.275,Jorro,-17.537219,Fp
PCC,6082t4,0.0,0.0,0.0,294.23,400.0,2.5,0.275,Jorro,-15.437204,Fp
PCC,6082t4,1.4142136,0.0,0.0,294.23,682.8427,2.5,0.275,Jorro,-21.681848,Fp
PCC,6082t4,0.0,0.0,1.4142136,294.23,400.0,2.5,0.3811,Jorro,-24.084003,Fp
PCC,6082t4,0.0,-1.4142136,0.0,294.23,400.0,0.3787,0.275,Jorro,32.989233,Fp
PCC,6262t6,-1.0,1.0,-1.0,297.8,200.0,4.0,0.2,Jorro,-13.798831,Fp
PCC,6262t6,1.0,1.0,-1.0,297.8,600.0,4.0,0.2,Jorro,-19.951203,Fp
PCC,6262t6,-1.0,1.0,1.0,297.8,200.0,4.0,0.35,Jorro,-37.797023,Fp
PCC,6262t6,1.0,1.0,1.0,297.8,600.0,4.0,0.35,Jorro,-36.580776,Fp
PCC,6262t6,-1.0,-1.0,-1.0,297.8,200.0,1.0,0.2,Jorro,9.3978318,Fp
PCC,6262t6,1.0,-1.0,-1.0,297.8,600.0,1.0,0.2,Jorro,4.900415,Fp
PCC,6262t6,-1.0,-1.0,1.0,297.8,200.0,1.0,0.35,Jorro,6.1340101,Fp
PCC,6262t6,1.0,-1.0,1.0,297.8,600.0,1.0,0.35,Jorro,0.65260805,Fp
PCC,6262t6,0.0,1.4142136,0.0,297.8,400.0,4.6213,0.275,Jorro,-24.068846,Fp
PCC,6262t6,0.0,0.0,-1.4142136,297.8,400.0,2.5,0.1689,Jorro,-15.263162,Fp
PCC,6262t6,-1.4142136,0.0,0.0,297.8,117.1573,2.5,0.275,Jorro,-17.222652,Fp
PCC,6262t6,0.0,0.0,0.0,297.8,400.0,2.5,0.275,Jorro,-26.745652,Fp
PCC,6262t6,0.0,0.0,0.0,297.8,400.0,2.5,0.275,Jorro,-28.439265,Fp
PCC,6262t6,0.0,0.0,0.0,297.8,400.0,2.5,0.275,Jorro,-25.978684,Fp
PCC,6262t6,0.0,0.0,0.0,297.8,400.0,2.5,0.275,Jorro,-23.843566,Fp
PCC,6262t6,1.4142136,0.0,0.0,297.8,682.8427,2.5,0.275,Jorro,-29.212683,Fp
PCC,6262t6,0.0,0.0,1.4142136,297.8,400.0,2.5,0.3811,Jorro,-39.857718,Fp
PCC,6262t6,0.0,-1.4142136,0.0,297.8,400.0,0.3787,0.275,Jorro,10.612811,Fp
PCC,6351t6,-1.0,1.0,-1.0,335.53,200.0,4.0,0.2,Jorro,-15.420102,Fp
PCC,6351t6,1.0,1.0,-1.0,335.53,600.0,4.0,0.2,Jorro,-17.793891,Fp
PCC,6351t6,-1.0,1.0,1.0,335.53,200.0,4.0,0.35,Jorro,-24.563229,Fp
PCC,6351t6,1.0,1.0,1.0,335.53,600.0,4.0,0.35,Jorro,-39.251002,Fp
PCC,6351t6,-1.0,-1.0,-1.0,335.53,200.0,1.0,0.2,Jorro,15.240866,Fp
PCC,6351t6,1.0,-1.0,-1.0,335.53,600.0,1.0,0.2,Jorro,4.1491101,Fp
PCC,6351t6,-1.0,-1.0,1.0,335.53,200.0,1.0,0.35,Jorro,19.212911,Fp
PCC,6351t6,1.0,-1.0,1.0,335.53,600.0,1.0,0.35,Jorro,-0.46990235,Fp
PCC,6351t6,0.0,1.4142136,0.0,335.53,400.0,4.6213,0.275,Jorro,-58.563739,Fp
PCC,6351t6,0.0,0.0,-1.4142136,335.53,400.0,2.5,0.1689,Jorro,-12.997199,Fp
PCC,6351t6,-1.4142136,0.0,0.0,335.53,117.1573,2.5,0.275,Jorro,-2.7395979,Fp
PCC,6351t6,0.0,0.0,0.0,335.53,400.0,2.5,0.275,Jorro,-26.47315,Fp
PCC,6351t6,0.0,0.0,0.0,335.53,400.0,2.5,0.275,Jorro,-29.638297,Fp
PCC,6351t6,0.0,0.0,0.0,335.53,400.0,2.5,0.275,Jorro,-31.665665,Fp
PCC,6351t6,0.0,0.0,0.0,335.53,400.0,2.5,0.275,Jorro,-28.65607,Fp
PCC,6351t6,1.4142136,0.0,0.0,335.53,682.8427,2.5,0.275,Jorro,-34.727669,Fp
PCC,6351t6,0.0,0.0,1.4142136,335.53,400.0,2.5,0.3811,Jorro,-39.480748,Fp
PCC,6351t6,0.0,-1.4142136,0.0,335.53,400.0,0.3787,0.275,Jorro,13.685251,Fp
PCC,7075t6,-1.0,1.0,-1.0,571.47,200.0,4.0,0.2,Jorro,-1.904827,Fp
PCC,7075t6,1.0,1.0,-1.0,571.47,600.0,4.0,0.2,Jorro,4.514467,Fp
PCC,7075t6,-1.0,1.0,1.0,571.47,200.0,4.0,0.35,Jorro,-23.143587,Fp
PCC,7075t6,1.0,1.0,1.0,571.47,600.0,4.0,0.35,Jorro,-28.520747,Fp
PCC,7075t6,-1.0,-1.0,-1.0,571.47,200.0,1.0,0.2,Jorro,-5.7592206,Fp
PCC,7075t6,1.0,-1.0,-1.0,571.47,600.0,1.0,0.2,Jorro,-8.6432996,Fp
PCC,7075t6,-1.0,-1.0,1.0,571.47,200.0,1.0,0.35,Jorro,-11.44987,Fp
PCC,7075t6,1.0,-1.0,1.0,571.47,600.0,1.0,0.35,Jorro,-19.066182,Fp
PCC,7075t6,0.0,1.4142136,0.0,571.47,400.0,4.6213,0.275,Jorro,-40.415317,Fp
PCC,7075t6,0.0,0.0,-1.4142136,571.47,400.0,2.5,0.1689,Jorro,-9.5035805,Fp
PCC,7075t6,-1.4142136,0.0,0.0,571.47,117.1573,2.5,0.275,Jorro,-24.933285,Fp
PCC,7075t6,0.0,0.0,0.0,571.47,400.0,2.5,0.275,Jorro,-30.665438,Fp
PCC,7075t6,0.0,0.0,0.0,571.47,400.0,2.5,0.275,Jorro,-31.044534,Fp
PCC,7075t6,0.0,0.0,0.0,571.47,400.0,2.5,0.275,Jorro,-32.708591,Fp
PCC,7075t6,0.0,0.0,0.0,571.47,400.0,2.5,0.275,Jorro,-27.871055,Fp
PCC,7075t6,1.4142136,0.0,0.0,571.47,682.8427,2.5,0.275,Jorro,-29.495836,Fp
PCC,7075t6,0.0,0.0,1.4142136,571.47,400.0,2.5,0.3811,Jorro,-51.063452,Fp
PCC,7075t6,0.0,-1.4142136,0.0,571.47,400.0,0.3787,0.275,Jorro,28.596795,Fp
PCC,7075t73,-1.0,1.0,-1.0,502.35,200.0,4.0,0.2,Jorro,34.166902,Fp
PCC,7075t73,1.0,1.0,-1.0,502.35,600.0,4.0,0.2,Jorro,69.633673,Fp
PCC,7075t73,-1.0,1.0,1.0,502.35,200.0,4.0,0.35,Jorro,43.795854,Fp
PCC,7075t73,1.0,1.0,1.0,502.35,600.0,4.0,0.35,Jorro,61.834225,Fp
PCC,7075t73,-1.0,-1.0,-1.0,502.35,200.0,1.0,0.2,Jorro,9.2421275,Fp
PCC,7075t73,1.0,-1.0,-1.0,502.35,600.0,1.0,0.2,Jorro,-1.0437655,Fp
PCC,7075t73,-1.0,-1.0,1.0,502.35,200.0,1.0,0.35,Jorro,6.5968273,Fp
PCC,7075t73,1.0,-1.0,1.0,502.35,600.0,1.0,0.35,Jorro,-6.5217774,Fp
PCC,7075t73,0.0,1.4142136,0.0,502.35,400.0,4.6213,0.275,Jorro,-41.280171,Fp
PCC,7075t73,0.0,0.0,-1.4142136,502.35,400.0,2.5,0.1689,Jorro,-17.879965,Fp
PCC,7075t73,-1.4142136,0.0,0.0,502.35,117.1573,2.5,0.275,Jorro,-17.270321,Fp
PCC,7075t73,0.0,0.0,0.0,502.35,400.0,2.5,0.275,Jorro,-33.890571,Fp
PCC,7075t73,0.0,0.0,0.0,502.35,400.0,2.5,0.275,Jorro,-35.143733,Fp
PCC,7075t73,0.0,0.0,0.0,502.35,400.0,2.5,0.275,Jorro,-37.284817,Fp
PCC,7075t73,0.0,0.0,0.0,502.35,400.0,2.5,0.275,Jorro,-31.709687,Fp
PCC,7075t73,1.4142136,0.0,0.0,502.35,682.8427,2.5,0.275,Jorro,-33.682809,Fp
PCC,7075t73,0.0,0.0,1.4142136,502.35,400.0,2.5,0.3811,Jorro,-48.37226,Fp
PCC,7075t73,0.0,-1.4142136,0.0,502.35,400.0,0.3787,0.275,Jorro,22.863589,Fp
PCC,1350o,-1.0,1.0,-1.0,71.38,200.0,4.0,0.2,Jorro,2926.8681,Pot
PCC,1350o,1.0,1.0,-1.0,71.38,600.0,4.0,0.2,Jorro,7785.7741,Pot
PCC,1350o,-1.0,1.0,1.0,71.38,200.0,4.0,0.35,Jorro,4713.1517,Pot
PCC,1350o,1.0,1.0,1.0,71.38,600.0,4.0,0.35,Jorro,10370.4,Pot
PCC,1350o,-1.0,-1.0,-1.0,71.38,200.0,1.0,0.2,Jorro,891.92134,Pot
PCC,1350o,1.0,-1.0,-1.0,71.38,600.0,1.0,0.2,Jorro,2104.8821,Pot
PCC,1350o,-1.0,-1.0,1.0,71.38,200.0,1.0,0.35,Jorro,1338.3565,Pot
PCC,1350o,1.0,-1.0,1.0,71.38,600.0,1.0,0.35,Jorro,3218.0551,Pot
PCC,1350o,0.0,1.4142136,0.0,71.38,400.0,4.6213,0.275,Jorro,8287.8374,Pot
PCC,1350o,0.0,0.0,-1.4142136,71.38,400.0,2.5,0.1689,Jorro,3713.4157,Pot
PCC,1350o,-1.4142136,0.0,0.0,71.38,117.1573,2.5,0.275,Jorro,2022.5704,Pot
PCC,1350o,0.0,0.0,0.0,71.38,400.0,2.5,0.275,Jorro,5185.3089,Pot
PCC,1350o,0.0,0.0,0.0,71.38,400.0,2.5,0.275,Jorro,5249.5926,Pot
PCC,1350o,0.0,0.0,0.0,71.38,400.0,2.5,0.275,Jorro,5461.7864,Pot
PCC,1350o,0.0,0.0,0.0,71.38,400.0,2.5,0.275,Jorro,5676.487,Pot
PCC,1350o,1.4142136,0.0,0.0,71.38,682.8427,2.5,0.275,Jorro,7324.3967,Pot
PCC,1350o,0.0,0.0,1.4142136,71.38,400.0,2.5,0.3811,Jorro,6656.0973,Pot
PCC,1350o,0.0,-1.4142136,0.0,71.38,400.0,0.3787,0.275,Jorro,639.85505,Pot
PCC,6082t4,-1.0,1.0,-1.0,294.23,200.0,4.0,0.2,Jorro,2164.1675,Pot
PCC,6082t4,1.0,1.0,-1.0,294.23,600.0,4.0,0.2,Jorro,6358.3063,Pot
PCC,6082t4,-1.0,1.0,1.0,294.23,200.0,4.0,0.35,Jorro,3738.3825,Pot
PCC,6082t4,1.0,1.0,1.0,294.23,600.0,4.0,0.35,Jorro,9642.867,Pot
PCC,6082t4,-1.0,-1.0,-1.0,294.23,200.0,1.0,0.2,Jorro,667.28229,Pot
PCC,6082t4,1.0,-1.0,-1.0,294.23,600.0,1.0,0.2,Jorro,1949.9369,Pot
PCC,6082t4,-1.0,-1.0,1.0,294.23,200.0,1.0,0.35,Jorro,1012.9766,Pot
PCC,6082t4,1.0,-1.0,1.0,294.23,600.0,1.0,0.35,Jorro,2808.3259,Pot
PCC,6082t4,0.0,1.4142136,0.0,294.23,400.0,4.6213,0.275,Jorro,6691.8638,Pot
PCC,6082t4,0.0,0.0,-1.4142136,294.23,400.0,2.5,0.1689,Jorro,2705.4416,Pot
PCC,6082t4,-1.4142136,0.0,0.0,294.23,117.1573,2.5,0.275,Jorro,1274.8053,Pot
PCC,6082t4,0.0,0.0,0.0,294.23,400.0,2.5,0.275,Jorro,3839.9405,Pot
PCC,6082t4,0.0,0.0,0.0,294.23,400.0,2.5,0.275,Jorro,3913.1763,Pot
PCC,6082t4,0.0,0.0,0.0,294.23,400.0,2.5,0.275,Jorro,3892.7011,Pot
PCC,6082t4,0.0,0.0,0.0,294.23,400.0,2.5,0.275,Jorro,3846.7811,Pot
PCC,6082t4,1.4142136,0.0,0.0,294.23,682.8427,2.5,0.275,Jorro,6225.9501,Pot
PCC,6082t4,0.0,0.0,1.4142136,294.23,400.0,2.5,0.3811,Jorro,5871.8998,Pot
PCC,6082t4,0.0,-1.4142136,0.0,294.23,400.0,0.3787,0.275,Jorro,883.78735,Pot
PCC,6262t6,-1.0,1.0,-1.0,297.8,200.0,4.0,0.2,Jorro,1827.3283,Pot
PCC,6262t6,1.0,1.0,-1.0,297.8,600.0,4.0,0.2,Jorro,5965.9537,Pot
PCC,6262t6,-1.0,1.0,1.0,297.8,200.0,4.0,0.35,Jorro,3299.6499,Pot
PCC,6262t6,1.0,1.0,1.0,297.8,600.0,4.0,0.35,Jorro,9069.6585,Pot
PCC,6262t6,-1.0,-1.0,-1.0,297.8,200.0,1.0,0.2,Jorro,659.43489,Pot
PCC,6262t6,1.0,-1.0,-1.0,297.8,600.0,1.0,0.2,Jorro,2018.0004,Pot
PCC,6262t6,-1.0,-1.0,1.0,297.8,200.0,1.0,0.35,Jorro,945.68329,Pot
PCC,6262t6,1.0,-1.0,1.0,297.8,600.0,1.0,0.35,Jorro,2913.6935,Pot
PCC,6262t6,0.0,1.4142136,0.0,297.8,400.0,4.6213,0.275,Jorro,6932.7852,Pot
PCC,6262t6,0.0,0.0,-1.4142136,297.8,400.0,2.5,0.1689,Jorro,2806.982,Pot
PCC,6262t6,-1.4142136,0.0,0.0,297.8,117.1573,2.5,0.275,Jorro,1195.3322,Pot
PCC,6262t6,0.0,0.0,0.0,297.8,400.0,2.5,0.275,Jorro,3918.005,Pot
PCC,6262t6,0.0,0.0,0.0,297.8,400.0,2.5,0.275,Jorro,3938.5061,Pot
PCC,6262t6,0.0,0.0,0.0,297.8,400.0,2.5,0.275,Jorro,3929.8632,Pot
PCC,6262t6,0.0,0.0,0.0,297.8,400.0,2.5,0.275,Jorro,3940.1108,Pot
PCC,6262t6,1.4142136,0.0,0.0,297.8,682.8427,2.5,0.275,Jorro,6565.0511,Pot
PCC,6262t6,0.0,0.0,1.4142136,297.8,400.0,2.5,0.3811,Jorro,5048.1863,Pot
PCC,6262t6,0.0,-1.4142136,0.0,297.8,400.0,0.3787,0.275,Jorro,824.6166,Pot
PCC,6351t6,-1.0,1.0,-1.0,335.53,200.0,4.0,0.2,Jorro,2281.5889,Pot
PCC,6351t6,1.0,1.0,-1.0,335.53,600.0,4.0,0.2,Jorro,6806.1046,Pot
PCC,6351t6,-1.0,1.0,1.0,335.53,200.0,4.0,0.35,Jorro,3908.3616,Pot
PCC,6351t6,1.0,1.0,1.0,335.53,600.0,4.0,0.35,Jorro,9992.1965,Pot
PCC,6351t6,-1.0,-1.0,-1.0,335.53,200.0,1.0,0.2,Jorro,794.83964,Pot
PCC,6351t6,1.0,-1.0,-1.0,335.53,600.0,1.0,0.2,Jorro,2223.5037,Pot
PCC,6351t6,-1.0,-1.0,1.0,335.53,200.0,1.0,0.35,Jorro,1131.1876,Pot
PCC,6351t6,1.0,-1.0,1.0,335.53,600.0,1.0,0.35,Jorro,3130.7516,Pot
PCC,6351t6,0.0,1.4142136,0.0,335.53,400.0,4.6213,0.275,Jorro,6874.3422,Pot
PCC,6351t6,0.0,0.0,-1.4142136,335.53,400.0,2.5,0.1689,Jorro,2775.8772,Pot
PCC,6351t6,-1.4142136,0.0,0.0,335.53,117.1573,2.5,0.275,Jorro,1318.8975,Pot
PCC,6351t6,0.0,0.0,0.0,335.53,400.0,2.5,0.275,Jorro,3871.9407,Pot
PCC,6351t6,0.0,0.0,0.0,335.53,400.0,2.5,0.275,Jorro,3898.2162,Pot
PCC,6351t6,0.0,0.0,0.0,335.53,400.0,2.5,0.275,Jorro,3912.0462,Pot
PCC,6351t6,0.0,0.0,0.0,335.53,400.0,2.5,0.275,Jorro,3948.6543,Pot
PCC,6351t6,1.4142136,0.0,0.0,335.53,682.8427,2.5,0.275,Jorro,6484.6204,Pot
PCC,6351t6,0.0,0.0,1.4142136,335.53,400.0,2.5,0.3811,Jorro,4998.7751,Pot
PCC,6351t6,0.0,-1.4142136,0.0,335.53,400.0,0.3787,0.275,Jorro,928.92415,Pot
PCC,7075t6,-1.0,1.0,-1.0,571.47,200.0,4.0,0.2,Jorro,2783.3144,Pot
PCC,7075t6,1.0,1.0,-1.0,571.47,600.0,4.0,0.2,Jorro,7963.6251,Pot
PCC,7075t6,-1.0,1.0,1.0,571.47,200.0,4.0,0.35,Jorro,4378.3646,Pot
PCC,7075t6,1.0,1.0,1.0,571.47,600.0,4.0,0.35,Jorro,10425.046,Pot
PCC,7075t6,-1.0,-1.0,-1.0,571.47,200.0,1.0,0.2,Jorro,759.49248,Pot
PCC,7075t6,1.0,-1.0,-1.0,571.47,600.0,1.0,0.2,Jorro,2203.2519,Pot
PCC,7075t6,-1.0,-1.0,1.0,571.47,200.0,1.0,0.35,Jorro,1123.3374,Pot
PCC,7075t6,1.0,-1.0,1.0,571.47,600.0,1.0,0.35,Jorro,3237.2932,Pot
PCC,7075t6,0.0,1.4142136,0.0,571.47,400.0,4.6213,0.275,Jorro,8093.2367,Pot
PCC,7075t6,0.0,0.0,-1.4142136,571.47,400.0,2.5,0.1689,Jorro,3456.1455,Pot
PCC,7075t6,-1.4142136,0.0,0.0,571.47,117.1573,2.5,0.275,Jorro,1526.2531,Pot
PCC,7075t6,0.0,0.0,0.0,571.47,400.0,2.5,0.275,Jorro,4663.4402,Pot
PCC,7075t6,0.0,0.0,0.0,571.47,400.0,2.5,0.275,Jorro,4686.7357,Pot
PCC,7075t6,0.0,0.0,0.0,571.47,400.0,2.5,0.275,Jorro,4699.0147,Pot
PCC,7075t6,0.0,0.0,0.0,571.47,400.0,2.5,0.275,Jorro,4705.7008,Pot
PCC,7075t6,1.4142136,0.0,0.0,571.47,682.8427,2.5,0.275,Jorro,7671.8883,Pot
PCC,7075t6,0.0,0.0,1.4142136,571.47,400.0,2.5,0.3811,Jorro,5643.9485,Pot
PCC,7075t6,0.0,-1.4142136,0.0,571.47,400.0,0.3787,0.275,Jorro,1112.2576,Pot
PCC,7075t73,-1.0,1.0,-1.0,502.35,200.0,4.0,0.2,Jorro,2449.7439,Pot
PCC,7075t73,1.0,1.0,-1.0,502.35,600.0,4.0,0.2,Jorro,7347.012,Pot
PCC,7075t73,-1.0,1.0,1.0,502.35,200.0,4.0,0.35,Jorro,4229.7729,Pot
PCC,7075t73,1.0,1.0,1.0,502.35,600.0,4.0,0.35,Jorro,10593.491,Pot
PCC,7075t73,-1.0,-1.0,-1.0,502.35,200.0,1.0,0.2,Jorro,839.78663,Pot
PCC,7075t73,1.0,-1.0,-1.0,502.35,600.0,1.0,0.2,Jorro,2414.016,Pot
PCC,7075t73,-1.0,-1.0,1.0,502.35,200.0,1.0,0.35,Jorro,1208.5261,Pot
PCC,7075t73,1.0,-1.0,1.0,502.35,600.0,1.0,0.35,Jorro,3469.507,Pot
PCC,7075t73,0.0,1.4142136,0.0,502.35,400.0,4.6213,0.275,Jorro,7317.5658,Pot
PCC,7075t73,0.0,0.0,-1.4142136,502.35,400.0,2.5,0.1689,Jorro,2893.2613,Pot
PCC,7075t73,-1.4142136,0.0,0.0,502.35,117.1573,2.5,0.275,Jorro,1390.1218,Pot
PCC,7075t73,0.0,0.0,0.0,502.35,400.0,2.5,0.275,Jorro,4103.9418,Pot
PCC,7075t73,0.0,0.0,0.0,502.35,400.0,2.5,0.275,Jorro,4292.2597,Pot
PCC,7075t73,0.0,0.0,0.0,502.35,400.0,2.5,0.275,Jorro,4120.8458,Pot
PCC,7075t73,0.0,0.0,0.0,502.35,400.0,2.5,0.275,Jorro,4123.2474,Pot
PCC,7075t73,1.4142136,0.0,0.0,502.35,682.8427,2.5,0.275,Jorro,6766.1378,Pot
PCC,7075t73,0.0,0.0,1.4142136,502.35,400.0,2.5,0.3811,Jorro,5282.9669,Pot
PCC,7075t73,0.0,-1.4142136,0.0,502.35,400.0,0.3787,0.275,Jorro,902.598,Pot
PCC,1350o,-1.0,1.0,-1.0,71.38,200.0,4.0,0.2,Jorro,5.2108333,Ra
PCC,1350o,1.0,1.0,-1.0,71.38,600.0,4.0,0.2,Jorro,4.1866666,Ra
PCC,1350o,-1.0,1.0,1.0,71.38,200.0,4.0,0.35,Jorro,11.525,Ra
PCC,1350o,1.0,1.0,1.0,71.38,600.0,4.0,0.35,Jorro,10.291667,Ra
PCC,1350o,-1.0,-1.0,-1.0,71.38,200.0,1.0,0.2,Jorro,3.1916667,Ra
PCC,1350o,1.0,-1.0,-1.0,71.38,600.0,1.0,0.2,Jorro,3.2425,Ra
PCC,1350o,-1.0,-1.0,1.0,71.38,200.0,1.0,0.35,Jorro,7.6116667,Ra
PCC,1350o,1.0,-1.0,1.0,71.38,600.0,1.0,0.35,Jorro,7.3966667,Ra
PCC,1350o,0.0,1.4142136,0.0,71.38,400.0,4.6213,0.275,Jorro,5.07,Ra
PCC,1350o,0.0,0.0,-1.4142136,71.38,400.0,2.5,0.1689,Jorro,1.3975,Ra
PCC,1350o,-1.4142136,0.0,0.0,71.38,117.1573,2.5,0.275,Jorro,5.82,Ra
PCC,1350o,0.0,0.0,0.0,71.38,400.0,2.5,0.275,Jorro,4.0958333,Ra
PCC,1350o,0.0,0.0,0.0,71.38,400.0,2.5,0.275,Jorro,4.1675,Ra
PCC,1350o,0.0,0.0,0.0,71.38,400.0,2.5,0.275,Jorro,4.9408334,Ra
PCC,1350o,0.0,0.0,0.0,71.38,400.0,2.5,0.275,Jorro,5.9866667,Ra
PCC,1350o,1.4142136,0.0,0.0,71.38,682.8427,2.5,0.275,Jorro,3.2366667,Ra
PCC,1350o,0.0,0.0,1.4142136,71.38,400.0,2.5,0.3811,Jorro,9.6275,Ra
PCC,1350o,0.0,-1.4142136,0.0,71.38,400.0,0.3787,0.275,Jorro,3.1483333,Ra
PCC,6082t4,-1.0,1.0,-1.0,294.23,200.0,4.0,0.2,Jorro,1.9191667,Ra
PCC,6082t4,1.0,1.0,-1.0,294.23,600.0,4.0,0.2,Jorro,2.0066667,Ra
PCC,6082t4,-1.0,1.0,1.0,294.23,200.0,4.0,0.35,Jorro,5.0708334,Ra
PCC,6082t4,1.0,1.0,1.0,294.23,600.0,4.0,0.35,Jorro,4.8366666,Ra
PCC,6082t4,-1.0,-1.0,-1.0,294.23,200.0,1.0,0.2,Jorro,1.7083334,Ra
PCC,6082t4,1.0,-1.0,-1.0,294.23,600.0,1.0,0.2,Jorro,1.7033333,Ra
PCC,6082t4,-1.0,-1.0,1.0,294.23,200.0,1.0,0.35,Jorro,5.1791667,Ra
PCC,6082t4,1.0,-1.0,1.0,294.23,600.0,1.0,0.35,Jorro,5.2116666,Ra
PCC,6082t4,0.0,1.4142136,0.0,294.23,400.0,4.6213,0.275,Jorro,2.6316667,Ra
PCC,6082t4,0.0,0.0,-1.4142136,294.23,400.0,2.5,0.1689,Jorro,1.06,Ra
PCC,6082t4,-1.4142136,0.0,0.0,294.23,117.1573,2.5,0.275,Jorro,2.5866667,Ra
PCC,6082t4,0.0,0.0,0.0,294.23,400.0,2.5,0.275,Jorro,2.5483334,Ra
PCC,6082t4,0.0,0.0,0.0,294.23,400.0,2.5,0.275,Jorro,3.0,Ra
PCC,6082t4,0.0,0.0,0.0,294.23,400.0,2.5,0.275,Jorro,2.9425,Ra
PCC,6082t4,0.0,0.0,0.0,294.23,400.0,2.5,0.275,Jorro,2.9991667,Ra
PCC,6082t4,1.4142136,0.0,0.0,294.23,682.8427,2.5,0.275,Jorro,3.0091667,Ra
PCC,6082t4,0.0,0.0,1.4142136,294.23,400.0,2.5,0.3811,Jorro,7.2866665,Ra
PCC,6082t4,0.0,-1.4142136,0.0,294.23,400.0,0.3787,0.275,Jorro,2.91,Ra
PCC,6262t6,-1.0,1.0,-1.0,297.8,200.0,4.0,0.2,Jorro,3.4575,Ra
PCC,6262t6,1.0,1.0,-1.0,297.8,600.0,4.0,0.2,Jorro,3.3191666,Ra
PCC,6262t6,-1.0,1.0,1.0,297.8,200.0,4.0,0.35,Jorro,8.0008334,Ra
PCC,6262t6,1.0,1.0,1.0,297.8,600.0,4.0,0.35,Jorro,7.855,Ra
PCC,6262t6,-1.0,-1.0,-1.0,297.8,200.0,1.0,0.2,Jorro,1.4933333,Ra
PCC,6262t6,1.0,-1.0,-1.0,297.8,600.0,1.0,0.2,Jorro,1.6658334,Ra
PCC,6262t6,-1.0,-1.0,1.0,297.8,200.0,1.0,0.35,Jorro,3.0575,Ra
PCC,6262t6,1.0,-1.0,1.0,297.8,600.0,1.0,0.35,Jorro,2.9333333,Ra
PCC,6262t6,0.0,1.4142136,0.0,297.8,400.0,4.6213,0.275,Jorro,2.4933333,Ra
PCC,6262t6,0.0,0.0,-1.4142136,297.8,400.0,2.5,0.1689,Jorro,0.94583335,Ra
PCC,6262t6,-1.4142136,0.0,0.0,297.8,117.1573,2.5,0.275,Jorro,2.43,Ra
PCC,6262t6,0.0,0.0,0.0,297.8,400.0,2.5,0.275,Jorro,2.4516666,Ra
PCC,6262t6,0.0,0.0,0.0,297.8,400.0,2.5,0.275,Jorro,2.4283333,Ra
PCC,6262t6,0.0,0.0,0.0,297.8,400.0,2.5,0.275,Jorro,2.4316666,Ra
PCC,6262t6,0.0,0.0,0.0,297.8,400.0,2.5,0.275,Jorro,2.4641667,Ra
PCC,6262t6,1.4142136,0.0,0.0,297.8,682.8427,2.5,0.275,Jorro,2.495,Ra
PCC,6262t6,0.0,0.0,1.4142136,297.8,400.0,2.5,0.3811,Jorro,4.8325,Ra
PCC,6262t6,0.0,-1.4142136,0.0,297.8,400.0,0.3787,0.275,Jorro,2.5683334,Ra
PCC,6351t6,-1.0,1.0,-1.0,335.53,200.0,4.0,0.2,Jorro,0.95083334,Ra
PCC,6351t6,1.0,1.0,-1.0,335.53,600.0,4.0,0.2,Jorro,0.94916667,Ra
PCC,6351t6,-1.0,1.0,1.0,335.53,200.0,4.0,0.35,Jorro,3.9733333,Ra
PCC,6351t6,1.0,1.0,1.0,335.53,600.0,4.0,0.35,Jorro,4.3291667,Ra
PCC,6351t6,-1.0,-1.0,-1.0,335.53,200.0,1.0,0.2,Jorro,1.5375,Ra
PCC,6351t6,1.0,-1.0,-1.0,335.53,600.0,1.0,0.2,Jorro,1.6066667,Ra
PCC,6351t6,-1.0,-1.0,1.0,335.53,200.0,1.0,0.35,Jorro,4.0883334,Ra
PCC,6351t6,1.0,-1.0,1.0,335.53,600.0,1.0,0.35,Jorro,4.1108334,Ra
PCC,6351t6,0.0,1.4142136,0.0,335.53,400.0,4.6213,0.275,Jorro,3.1391666,Ra
PCC,6351t6,0.0,0.0,-1.4142136,335.53,400.0,2.5,0.1689,Jorro,1.27,Ra
PCC,6351t6,-1.4142136,0.0,0.0,335.53,117.1573,2.5,0.275,Jorro,3.2725,Ra
PCC,6351t6,0.0,0.0,0.0,335.53,400.0,2.5,0.275,Jorro,3.2575,Ra
PCC,6351t6,0.0,0.0,0.0,335.53,400.0,2.5,0.275,Jorro,3.2766667,Ra
PCC,6351t6,0.0,0.0,0.0,335.53,400.0,2.5,0.275,Jorro,3.3066666,Ra
PCC,6351t6,0.0,0.0,0.0,335.53,400.0,2.5,0.275,Jorro,3.29,Ra
PCC,6351t6,1.4142136,0.0,0.0,335.53,682.8427,2.5,0.275,Jorro,3.0316667,Ra
PCC,6351t6,0.0,0.0,1.4142136,335.53,400.0,2.5,0.3811,Jorro,6.0416666,Ra
PCC,6351t6,0.0,-1.4142136,0.0,335.53,400.0,0.3787,0.275,Jorro,3.175,Ra
PCC,7075t6,-1.0,1.0,-1.0,571.47,200.0,4.0,0.2,Jorro,2.325,Ra
PCC,7075t6,1.0,1.0,-1.0,571.47,600.0,4.0,0.2,Jorro,2.4516666,Ra
PCC,7075t6,-1.0,1.0,1.0,571.47,200.0,4.0,0.35,Jorro,9.8941665,Ra
PCC,7075t6,1.0,1.0,1.0,571.47,600.0,4.0,0.35,Jorro,9.9383335,Ra
PCC,7075t6,-1.0,-1.0,-1.0,571.47,200.0,1.0,0.2,Jorro,1.8158334,Ra
PCC,7075t6,1.0,-1.0,-1.0,571.47,600.0,1.0,0.2,Jorro,2.0283334,Ra
PCC,7075t6,-1.0,-1.0,1.0,571.47,200.0,1.0,0.35,Jorro,4.0408333,Ra
PCC,7075t6,1.0,-1.0,1.0,571.47,600.0,1.0,0.35,Jorro,4.0975,Ra
PCC,7075t6,0.0,1.4142136,0.0,571.47,400.0,4.6213,0.275,Jorro,2.6625,Ra
PCC,7075t6,0.0,0.0,-1.4142136,571.47,400.0,2.5,0.1689,Jorro,0.89916665,Ra
PCC,7075t6,-1.4142136,0.0,0.0,571.47,117.1573,2.5,0.275,Jorro,2.8691666,Ra
PCC,7075t6,0.0,0.0,0.0,571.47,400.0,2.5,0.275,Jorro,2.9116666,Ra
PCC,7075t6,0.0,0.0,0.0,571.47,400.0,2.5,0.275,Jorro,2.9125,Ra
PCC,7075t6,0.0,0.0,0.0,571.47,400.0,2.5,0.275,Jorro,2.85,Ra
PCC,7075t6,0.0,0.0,0.0,571.47,400.0,2.5,0.275,Jorro,2.8966667,Ra
PCC,7075t6,1.4142136,0.0,0.0,571.47,682.8427,2.5,0.275,Jorro,2.8283333,Ra
PCC,7075t6,0.0,0.0,1.4142136,571.47,400.0,2.5,0.3811,Jorro,6.9308335,Ra
PCC,7075t6,0.0,-1.4142136,0.0,571.47,400.0,0.3787,0.275,Jorro,2.8616667,Ra
PCC,7075t73,-1.0,1.0,-1.0,502.35,200.0,4.0,0.2,Jorro,0.96333335,Ra
PCC,7075t73,1.0,1.0,-1.0,502.35,600.0,4.0,0.2,Jorro,1.2375,Ra
PCC,7075t73,-1.0,1.0,1.0,502.35,200.0,4.0,0.35,Jorro,3.2491667,Ra
PCC,7075t73,1.0,1.0,1.0,502.35,600.0,4.0,0.35,Jorro,3.5383334,Ra
PCC,7075t73,-1.0,-1.0,-1.0,502.35,200.0,1.0,0.2,Jorro,1.9825,Ra
PCC,7075t73,1.0,-1.0,-1.0,502.35,600.0,1.0,0.2,Jorro,1.9066667,Ra
PCC,7075t73,-1.0,-1.0,1.0,502.35,200.0,1.0,0.35,Jorro,4.26,Ra
PCC,7075t73,1.0,-1.0,1.0,502.35,600.0,1.0,0.35,Jorro,4.0266666,Ra
PCC,7075t73,0.0,1.4142136,0.0,502.35,400.0,4.6213,0.275,Jorro,3.3483333,Ra
PCC,7075t73,0.0,0.0,-1.4142136,502.35,400.0,2.5,0.1689,Jorro,1.2466666,Ra
PCC,7075t73,-1.4142136,0.0,0.0,502.35,117.1573,2.5,0.275,Jorro,3.21,Ra
PCC,7075t73,0.0,0.0,0.0,502.35,400.0,2.5,0.275,Jorro,3.2775,Ra
PCC,7075t73,0.0,0.0,0.0,502.35,400.0,2.5,0.275,Jorro,3.2558334,Ra
PCC,7075t73,0.0,0.0,0.0,502.35,400.0,2.5,0.275,Jorro,3.2333334,Ra
PCC,7075t73,0.0,0.0,0.0,502.35,400.0,2.5,0.275,Jorro,3.2258334,Ra
PCC,7075t73,1.4142136,0.0,0.0,502.35,682.8427,2.5,0.275,Jorro,3.1891666,Ra
PCC,7075t73,0.0,0.0,1.4142136,502.35,400.0,2.5,0.3811,Jorro,6.0058333,Ra
PCC,7075t73,0.0,-1.4142136,0.0,502.35,400.0,0.3787,0.275,Jorro,3.1758334,Ra
PCC,1350o,-1.0,1.0,-1.0,71.38,200.0,4.0,0.2,Jorro,6.19,Rq
PCC,1350o,1.0,1.0,-1.0,71.38,600.0,4.0,0.2,Jorro,5.0075,Rq
PCC,1350o,-1.0,1.0,1.0,71.38,200.0,4.0,0.35,Jorro,13.256667,Rq
PCC,1350o,1.0,1.0,1.0,71.38,600.0,4.0,0.35,Jorro,11.966667,Rq
PCC,1350o,-1.0,-1.0,-1.0,71.38,200.0,1.0,0.2,Jorro,3.8375,Rq
PCC,1350o,1.0,-1.0,-1.0,71.38,600.0,1.0,0.2,Jorro,3.8991666,Rq
PCC,1350o,-1.0,-1.0,1.0,71.38,200.0,1.0,0.35,Jorro,9.155,Rq
PCC,1350o,1.0,-1.0,1.0,71.38,600.0,1.0,0.35,Jorro,8.7675,Rq
PCC,1350o,0.0,1.4142136,0.0,71.38,400.0,4.6213,0.275,Jorro,5.8375,Rq
PCC,1350o,0.0,0.0,-1.4142136,71.38,400.0,2.5,0.1689,Jorro,1.7683334,Rq
PCC,1350o,-1.4142136,0.0,0.0,71.38,117.1573,2.5,0.275,Jorro,6.5508333,Rq
PCC,1350o,0.0,0.0,0.0,71.38,400.0,2.5,0.275,Jorro,4.76,Rq
PCC,1350o,0.0,0.0,0.0,71.38,400.0,2.5,0.275,Jorro,4.8583334,Rq
PCC,1350o,0.0,0.0,0.0,71.38,400.0,2.5,0.275,Jorro,5.665,Rq
PCC,1350o,0.0,0.0,0.0,71.38,400.0,2.5,0.275,Jorro,6.7891667,Rq
PCC,1350o,1.4142136,0.0,0.0,71.38,682.8427,2.5,0.275,Jorro,3.8975,Rq
PCC,1350o,0.0,0.0,1.4142136,71.38,400.0,2.5,0.3811,Jorro,10.85,Rq
PCC,1350o,0.0,-1.4142136,0.0,71.38,400.0,0.3787,0.275,Jorro,3.9375,Rq
PCC,6082t4,-1.0,1.0,-1.0,294.23,200.0,4.0,0.2,Jorro,2.2533334,Rq
PCC,6082t4,1.0,1.0,-1.0,294.23,600.0,4.0,0.2,Jorro,2.3433334,Rq
PCC,6082t4,-1.0,1.0,1.0,294.23,200.0,4.0,0.35,Jorro,6.0116667,Rq
PCC,6082t4,1.0,1.0,1.0,294.23,600.0,4.0,0.35,Jorro,5.7216666,Rq
PCC,6082t4,-1.0,-1.0,-1.0,294.23,200.0,1.0,0.2,Jorro,1.9858334,Rq
PCC,6082t4,1.0,-1.0,-1.0,294.23,600.0,1.0,0.2,Jorro,1.9833333,Rq
PCC,6082t4,-1.0,-1.0,1.0,294.23,200.0,1.0,0.35,Jorro,6.035,Rq
PCC,6082t4,1.0,-1.0,1.0,294.23,600.0,1.0,0.35,Jorro,6.0566667,Rq
PCC,6082t4,0.0,1.4142136,0.0,294.23,400.0,4.6213,0.275,Jorro,3.1458334,Rq
PCC,6082t4,0.0,0.0,-1.4142136,294.23,400.0,2.5,0.1689,Jorro,1.2683334,Rq
PCC,6082t4,-1.4142136,0.0,0.0,294.23,117.1573,2.5,0.275,Jorro,3.0716667,Rq
PCC,6082t4,0.0,0.0,0.0,294.23,400.0,2.5,0.275,Jorro,3.0241666,Rq
PCC,6082t4,0.0,0.0,0.0,294.23,400.0,2.5,0.275,Jorro,3.6383333,Rq
PCC,6082t4,0.0,0.0,0.0,294.23,400.0,2.5,0.275,Jorro,3.5975,Rq
PCC,6082t4,0.0,0.0,0.0,294.23,400.0,2.5,0.275,Jorro,3.6533333,Rq
PCC,6082t4,1.4142136,0.0,0.0,294.23,682.8427,2.5,0.275,Jorro,3.6591667,Rq
PCC,6082t4,0.0,0.0,1.4142136,294.23,400.0,2.5,0.3811,Jorro,8.5116665,Rq
PCC,6082t4,0.0,-1.4142136,0.0,294.23,400.0,0.3787,0.275,Jorro,3.5158334,Rq
PCC,6262t6,-1.0,1.0,-1.0,297.8,200.0,4.0,0.2,Jorro,4.0725,Rq
PCC,6262t6,1.0,1.0,-1.0,297.8,600.0,4.0,0.2,Jorro,3.99,Rq
PCC,6262t6,-1.0,1.0,1.0,297.8,200.0,4.0,0.35,Jorro,10.0025,Rq
PCC,6262t6,1.0,1.0,1.0,297.8,600.0,4.0,0.35,Jorro,9.88,Rq
PCC,6262t6,-1.0,-1.0,-1.0,297.8,200.0,1.0,0.2,Jorro,1.8641667,Rq
PCC,6262t6,1.0,-1.0,-1.0,297.8,600.0,1.0,0.2,Jorro,2.0783334,Rq
PCC,6262t6,-1.0,-1.0,1.0,297.8,200.0,1.0,0.35,Jorro,3.8533333,Rq
PCC,6262t6,1.0,-1.0,1.0,297.8,600.0,1.0,0.35,Jorro,3.7291666,Rq
PCC,6262t6,0.0,1.4142136,0.0,297.8,400.0,4.6213,0.275,Jorro,2.9958333,Rq
PCC,6262t6,0.0,0.0,-1.4142136,297.8,400.0,2.5,0.1689,Jorro,1.1325,Rq
PCC,6262t6,-1.4142136,0.0,0.0,297.8,117.1573,2.5,0.275,Jorro,2.8591667,Rq
PCC,6262t6,0.0,0.0,0.0,297.8,400.0,2.5,0.275,Jorro,2.9016667,Rq
PCC,6262t6,0.0,0.0,0.0,297.8,400.0,2.5,0.275,Jorro,2.8733334,Rq
PCC,6262t6,0.0,0.0,0.0,297.8,400.0,2.5,0.275,Jorro,2.8791667,Rq
PCC,6262t6,0.0,0.0,0.0,297.8,400.0,2.5,0.275,Jorro,2.8958334,Rq
PCC,6262t6,1.4142136,0.0,0.0,297.8,682.8427,2.5,0.275,Jorro,2.9416667,Rq
PCC,6262t6,0.0,0.0,1.4142136,297.8,400.0,2.5,0.3811,Jorro,5.6508334,Rq
PCC,6262t6,0.0,-1.4142136,0.0,297.8,400.0,0.3787,0.275,Jorro,3.0825,Rq
PCC,6351t6,-1.0,1.0,-1.0,335.53,200.0,4.0,0.2,Jorro,1.17,Rq
PCC,6351t6,1.0,1.0,-1.0,335.53,600.0,4.0,0.2,Jorro,1.1658334,Rq
PCC,6351t6,-1.0,1.0,1.0,335.53,200.0,4.0,0.35,Jorro,4.7116666,Rq
PCC,6351t6,1.0,1.0,1.0,335.53,600.0,4.0,0.35,Jorro,5.175,Rq
PCC,6351t6,-1.0,-1.0,-1.0,335.53,200.0,1.0,0.2,Jorro,1.9616667,Rq
PCC,6351t6,1.0,-1.0,-1.0,335.53,600.0,1.0,0.2,Jorro,2.0575,Rq
PCC,6351t6,-1.0,-1.0,1.0,335.53,200.0,1.0,0.35,Jorro,5.035,Rq
PCC,6351t6,1.0,-1.0,1.0,335.53,600.0,1.0,0.35,Jorro,5.0491667,Rq
PCC,6351t6,0.0,1.4142136,0.0,335.53,400.0,4.6213,0.275,Jorro,3.7308334,Rq
PCC,6351t6,0.0,0.0,-1.4142136,335.53,400.0,2.5,0.1689,Jorro,1.4983334,Rq
PCC,6351t6,-1.4142136,0.0,0.0,335.53,117.1573,2.5,0.275,Jorro,3.805,Rq
PCC,6351t6,0.0,0.0,0.0,335.53,400.0,2.5,0.275,Jorro,3.7983334,Rq
PCC,6351t6,0.0,0.0,0.0,335.53,400.0,2.5,0.275,Jorro,3.8291667,Rq
PCC,6351t6,0.0,0.0,0.0,335.53,400.0,2.5,0.275,Jorro,3.855,Rq
PCC,6351t6,0.0,0.0,0.0,335.53,400.0,2.5,0.275,Jorro,3.8475,Rq
PCC,6351t6,1.4142136,0.0,0.0,335.53,682.8427,2.5,0.275,Jorro,3.68,Rq
PCC,6351t6,0.0,0.0,1.4142136,335.53,400.0,2.5,0.3811,Jorro,7.0616666,Rq
PCC,6351t6,0.0,-1.4142136,0.0,335.53,400.0,0.3787,0.275,Jorro,3.7016666,Rq
PCC,7075t6,-1.0,1.0,-1.0,571.47,200.0,4.0,0.2,Jorro,2.8041667,Rq
PCC,7075t6,1.0,1.0,-1.0,571.47,600.0,4.0,0.2,Jorro,2.8158334,Rq
PCC,7075t6,-1.0,1.0,1.0,571.47,200.0,4.0,0.35,Jorro,11.354167,Rq
PCC,7075t6,1.0,1.0,1.0,571.47,600.0,4.0,0.35,Jorro,11.449167,Rq
PCC,7075t6,-1.0,-1.0,-1.0,571.47,200.0,1.0,0.2,Jorro,2.2266666,Rq
PCC,7075t6,1.0,-1.0,-1.0,571.47,600.0,1.0,0.2,Jorro,2.4808334,Rq
PCC,7075t6,-1.0,-1.0,1.0,571.47,200.0,1.0,0.35,Jorro,4.9591667,Rq
PCC,7075t6,1.0,-1.0,1.0,571.47,600.0,1.0,0.35,Jorro,5.0233333,Rq
PCC,7075t6,0.0,1.4142136,0.0,571.47,400.0,4.6213,0.275,Jorro,3.26,Rq
PCC,7075t6,0.0,0.0,-1.4142136,571.47,400.0,2.5,0.1689,Jorro,1.1166667,Rq
PCC,7075t6,-1.4142136,0.0,0.0,571.47,117.1573,2.5,0.275,Jorro,3.4608334,Rq
PCC,7075t6,0.0,0.0,0.0,571.47,400.0,2.5,0.275,Jorro,3.5691666,Rq
PCC,7075t6,0.0,0.0,0.0,571.47,400.0,2.5,0.275,Jorro,3.55,Rq
PCC,7075t6,0.0,0.0,0.0,571.47,400.0,2.5,0.275,Jorro,3.4858334,Rq
PCC,7075t6,0.0,0.0,0.0,571.47,400.0,2.5,0.275,Jorro,3.5133333,Rq
PCC,7075t6,1.4142136,0.0,0.0,571.47,682.8427,2.5,0.275,Jorro,3.4466667,Rq
PCC,7075t6,0.0,0.0,1.4142136,571.47,400.0,2.5,0.3811,Jorro,8.1316665,Rq
PCC,7075t6,0.0,-1.4142136,0.0,571.47,400.0,0.3787,0.275,Jorro,3.5508333,Rq
PCC,7075t73,-1.0,1.0,-1.0,502.35,200.0,4.0,0.2,Jorro,1.8991667,Rq
PCC,7075t73,1.0,1.0,-1.0,502.35,600.0,4.0,0.2,Jorro,1.4683334,Rq
PCC,7075t73,-1.0,1.0,1.0,502.35,200.0,4.0,0.35,Jorro,3.885,Rq
PCC,7075t73,1.0,1.0,1.0,502.35,600.0,4.0,0.35,Jorro,4.2566666,Rq
PCC,7075t73,-1.0,-1.0,-1.0,502.35,200.0,1.0,0.2,Jorro,2.4225,Rq
PCC,7075t73,1.0,-1.0,-1.0,502.35,600.0,1.0,0.2,Jorro,2.3625,Rq
PCC,7075t73,-1.0,-1.0,1.0,502.35,200.0,1.0,0.35,Jorro,5.1366667,Rq
PCC,7075t73,1.0,-1.0,1.0,502.35,600.0,1.0,0.35,Jorro,4.9441666,Rq
PCC,7075t73,0.0,1.4142136,0.0,502.35,400.0,4.6213,0.275,Jorro,3.9566667,Rq
PCC,7075t73,0.0,0.0,-1.4142136,502.35,400.0,2.5,0.1689,Jorro,1.4558333,Rq
PCC,7075t73,-1.4142136,0.0,0.0,502.35,117.1573,2.5,0.275,Jorro,3.6958334,Rq
PCC,7075t73,0.0,0.0,0.0,502.35,400.0,2.5,0.275,Jorro,3.7083334,Rq
PCC,7075t73,0.0,0.0,0.0,502.35,400.0,2.5,0.275,Jorro,3.7775,Rq
PCC,7075t73,0.0,0.0,0.0,502.35,400.0,2.5,0.275,Jorro,3.75,Rq
PCC,7075t73,0.0,0.0,0.0,502.35,400.0,2.5,0.275,Jorro,3.7475,Rq
PCC,7075t73,1.4142136,0.0,0.0,502.35,682.8427,2.5,0.275,Jorro,3.7075,Rq
PCC,7075t73,0.0,0.0,1.4142136,502.35,400.0,2.5,0.3811,Jorro,6.9833334,Rq
PCC,7075t73,0.0,-1.4142136,0.0,502.35,400.0,0.3787,0.275,Jorro,3.6933333,Rq
PCC,1350o,-1.0,1.0,-1.0,71.38,200.0,4.0,0.2,Jorro,23.7625,Rz
PCC,1350o,1.0,1.0,-1.0,71.38,600.0,4.0,0.2,Jorro,20.874167,Rz
PCC,1350o,-1.0,1.0,1.0,71.38,200.0,4.0,0.35,Jorro,48.248334,Rz
PCC,1350o,1.0,1.0,1.0,71.38,600.0,4.0,0.35,Jorro,43.173333,Rz
PCC,1350o,-1.0,-1.0,-1.0,71.38,200.0,1.0,0.2,Jorro,14.4625,Rz
PCC,1350o,1.0,-1.0,-1.0,71.38,600.0,1.0,0.2,Jorro,15.594167,Rz
PCC,1350o,-1.0,-1.0,1.0,71.38,200.0,1.0,0.35,Jorro,35.9975,Rz
PCC,1350o,1.0,-1.0,1.0,71.38,600.0,1.0,0.35,Jorro,31.973334,Rz
PCC,1350o,0.0,1.4142136,0.0,71.38,400.0,4.6213,0.275,Jorro,23.7925,Rz
PCC,1350o,0.0,0.0,-1.4142136,71.38,400.0,2.5,0.1689,Jorro,8.3483335,Rz
PCC,1350o,-1.4142136,0.0,0.0,71.38,117.1573,2.5,0.275,Jorro,21.8725,Rz
PCC,1350o,0.0,0.0,0.0,71.38,400.0,2.5,0.275,Jorro,19.020834,Rz
PCC,1350o,0.0,0.0,0.0,71.38,400.0,2.5,0.275,Jorro,19.618333,Rz
PCC,1350o,0.0,0.0,0.0,71.38,400.0,2.5,0.275,Jorro,21.654167,Rz
PCC,1350o,0.0,0.0,0.0,71.38,400.0,2.5,0.275,Jorro,24.194167,Rz
PCC,1350o,1.4142136,0.0,0.0,71.38,682.8427,2.5,0.275,Jorro,16.528333,Rz
PCC,1350o,0.0,0.0,1.4142136,71.38,400.0,2.5,0.3811,Jorro,37.888334,Rz
PCC,1350o,0.0,-1.4142136,0.0,71.38,400.0,0.3787,0.275,Jorro,16.315,Rz
PCC,6082t4,-1.0,1.0,-1.0,294.23,200.0,4.0,0.2,Jorro,8.1683334,Rz
PCC,6082t4,1.0,1.0,-1.0,294.23,600.0,4.0,0.2,Jorro,8.9158333,Rz
PCC,6082t4,-1.0,1.0,1.0,294.23,200.0,4.0,0.35,Jorro,22.735,Rz
PCC,6082t4,1.0,1.0,1.0,294.23,600.0,4.0,0.35,Jorro,22.276667,Rz
PCC,6082t4,-1.0,-1.0,-1.0,294.23,200.0,1.0,0.2,Jorro,7.0475,Rz
PCC,6082t4,1.0,-1.0,-1.0,294.23,600.0,1.0,0.2,Jorro,7.19,Rz
PCC,6082t4,-1.0,-1.0,1.0,294.23,200.0,1.0,0.35,Jorro,21.0175,Rz
PCC,6082t4,1.0,-1.0,1.0,294.23,600.0,1.0,0.35,Jorro,20.791666,Rz
PCC,6082t4,0.0,1.4142136,0.0,294.23,400.0,4.6213,0.275,Jorro,13.283333,Rz
PCC,6082t4,0.0,0.0,-1.4142136,294.23,400.0,2.5,0.1689,Jorro,5.1775,Rz
PCC,6082t4,-1.4142136,0.0,0.0,294.23,117.1573,2.5,0.275,Jorro,11.8325,Rz
PCC,6082t4,0.0,0.0,0.0,294.23,400.0,2.5,0.275,Jorro,11.7575,Rz
PCC,6082t4,0.0,0.0,0.0,294.23,400.0,2.5,0.275,Jorro,14.77,Rz
PCC,6082t4,0.0,0.0,0.0,294.23,400.0,2.5,0.275,Jorro,14.756667,Rz
PCC,6082t4,0.0,0.0,0.0,294.23,400.0,2.5,0.275,Jorro,14.675834,Rz
PCC,6082t4,1.4142136,0.0,0.0,294.23,682.8427,2.5,0.275,Jorro,14.350834,Rz
PCC,6082t4,0.0,0.0,1.4142136,294.23,400.0,2.5,0.3811,Jorro,30.358334,Rz
PCC,6082t4,0.0,-1.4142136,0.0,294.23,400.0,0.3787,0.275,Jorro,14.006667,Rz
PCC,6262t6,-1.0,1.0,-1.0,297.8,200.0,4.0,0.2,Jorro,15.146667,Rz
PCC,6262t6,1.0,1.0,-1.0,297.8,600.0,4.0,0.2,Jorro,15.140833,Rz
PCC,6262t6,-1.0,1.0,1.0,297.8,200.0,4.0,0.35,Jorro,44.675,Rz
PCC,6262t6,1.0,1.0,1.0,297.8,600.0,4.0,0.35,Jorro,42.971666,Rz
PCC,6262t6,-1.0,-1.0,-1.0,297.8,200.0,1.0,0.2,Jorro,7.7566666,Rz
PCC,6262t6,1.0,-1.0,-1.0,297.8,600.0,1.0,0.2,Jorro,8.5375,Rz
PCC,6262t6,-1.0,-1.0,1.0,297.8,200.0,1.0,0.35,Jorro,16.854166,Rz
PCC,6262t6,1.0,-1.0,1.0,297.8,600.0,1.0,0.35,Jorro,16.175,Rz
PCC,6262t6,0.0,1.4142136,0.0,297.8,400.0,4.6213,0.275,Jorro,12.503334,Rz
PCC,6262t6,0.0,0.0,-1.4142136,297.8,400.0,2.5,0.1689,Jorro,4.7833333,Rz
PCC,6262t6,-1.4142136,0.0,0.0,297.8,117.1573,2.5,0.275,Jorro,11.1925,Rz
PCC,6262t6,0.0,0.0,0.0,297.8,400.0,2.5,0.275,Jorro,11.235834,Rz
PCC,6262t6,0.0,0.0,0.0,297.8,400.0,2.5,0.275,Jorro,11.264167,Rz
PCC,6262t6,0.0,0.0,0.0,297.8,400.0,2.5,0.275,Jorro,11.085,Rz
PCC,6262t6,0.0,0.0,0.0,297.8,400.0,2.5,0.275,Jorro,11.423334,Rz
PCC,6262t6,1.4142136,0.0,0.0,297.8,682.8427,2.5,0.275,Jorro,11.304167,Rz
PCC,6262t6,0.0,0.0,1.4142136,297.8,400.0,2.5,0.3811,Jorro,20.565834,Rz
PCC,6262t6,0.0,-1.4142136,0.0,297.8,400.0,0.3787,0.275,Jorro,13.014167,Rz
PCC,6351t6,-1.0,1.0,-1.0,335.53,200.0,4.0,0.2,Jorro,5.0275,Rz
PCC,6351t6,1.0,1.0,-1.0,335.53,600.0,4.0,0.2,Jorro,4.9858334,Rz
PCC,6351t6,-1.0,1.0,1.0,335.53,200.0,4.0,0.35,Jorro,17.6525,Rz
PCC,6351t6,1.0,1.0,1.0,335.53,600.0,4.0,0.35,Jorro,20.141666,Rz
PCC,6351t6,-1.0,-1.0,-1.0,335.53,200.0,1.0,0.2,Jorro,8.0083334,Rz
PCC,6351t6,1.0,-1.0,-1.0,335.53,600.0,1.0,0.2,Jorro,8.5308334,Rz
PCC,6351t6,-1.0,-1.0,1.0,335.53,200.0,1.0,0.35,Jorro,20.499167,Rz
PCC,6351t6,1.0,-1.0,1.0,335.53,600.0,1.0,0.35,Jorro,20.535833,Rz
PCC,6351t6,0.0,1.4142136,0.0,335.53,400.0,4.6213,0.275,Jorro,14.579166,Rz
PCC,6351t6,0.0,0.0,-1.4142136,335.53,400.0,2.5,0.1689,Jorro,5.9275,Rz
PCC,6351t6,-1.4142136,0.0,0.0,335.53,117.1573,2.5,0.275,Jorro,14.239167,Rz
PCC,6351t6,0.0,0.0,0.0,335.53,400.0,2.5,0.275,Jorro,14.051667,Rz
PCC,6351t6,0.0,0.0,0.0,335.53,400.0,2.5,0.275,Jorro,14.408333,Rz
PCC,6351t6,0.0,0.0,0.0,335.53,400.0,2.5,0.275,Jorro,14.5125,Rz
PCC,6351t6,0.0,0.0,0.0,335.53,400.0,2.5,0.275,Jorro,14.495834,Rz
PCC,6351t6,1.4142136,0.0,0.0,335.53,682.8427,2.5,0.275,Jorro,13.2775,Rz
PCC,6351t6,0.0,0.0,1.4142136,335.53,400.0,2.5,0.3811,Jorro,25.185834,Rz
PCC,6351t6,0.0,-1.4142136,0.0,335.53,400.0,0.3787,0.275,Jorro,13.83,Rz
PCC,7075t6,-1.0,1.0,-1.0,571.47,200.0,4.0,0.2,Jorro,10.905834,Rz
PCC,7075t6,1.0,1.0,-1.0,571.47,600.0,4.0,0.2,Jorro,10.235834,Rz
PCC,7075t6,-1.0,1.0,1.0,571.47,200.0,4.0,0.35,Jorro,38.590834,Rz
PCC,7075t6,1.0,1.0,1.0,571.47,600.0,4.0,0.35,Jorro,38.174166,Rz
PCC,7075t6,-1.0,-1.0,-1.0,571.47,200.0,1.0,0.2,Jorro,8.6416666,Rz
PCC,7075t6,1.0,-1.0,-1.0,571.47,600.0,1.0,0.2,Jorro,9.55,Rz
PCC,7075t6,-1.0,-1.0,1.0,571.47,200.0,1.0,0.35,Jorro,20.201667,Rz
PCC,7075t6,1.0,-1.0,1.0,571.47,600.0,1.0,0.35,Jorro,20.049166,Rz
PCC,7075t6,0.0,1.4142136,0.0,571.47,400.0,4.6213,0.275,Jorro,13.7775,Rz
PCC,7075t6,0.0,0.0,-1.4142136,571.47,400.0,2.5,0.1689,Jorro,5.2675,Rz
PCC,7075t6,-1.4142136,0.0,0.0,571.47,117.1573,2.5,0.275,Jorro,14.569167,Rz
PCC,7075t6,0.0,0.0,0.0,571.47,400.0,2.5,0.275,Jorro,15.125834,Rz
PCC,7075t6,0.0,0.0,0.0,571.47,400.0,2.5,0.275,Jorro,15.186666,Rz
PCC,7075t6,0.0,0.0,0.0,571.47,400.0,2.5,0.275,Jorro,14.519167,Rz
PCC,7075t6,0.0,0.0,0.0,571.47,400.0,2.5,0.275,Jorro,14.333334,Rz
PCC,7075t6,1.4142136,0.0,0.0,571.47,682.8427,2.5,0.275,Jorro,14.044166,Rz
PCC,7075t6,0.0,0.0,1.4142136,571.47,400.0,2.5,0.3811,Jorro,29.0,Rz
PCC,7075t6,0.0,-1.4142136,0.0,571.47,400.0,0.3787,0.275,Jorro,14.971667,Rz
PCC,7075t73,-1.0,1.0,-1.0,502.35,200.0,4.0,0.2,Jorro,4.8366666,Rz
PCC,7075t73,1.0,1.0,-1.0,502.35,600.0,4.0,0.2,Jorro,5.6616666,Rz
PCC,7075t73,-1.0,1.0,1.0,502.35,200.0,4.0,0.35,Jorro,15.118334,Rz
PCC,7075t73,1.0,1.0,1.0,502.35,600.0,4.0,0.35,Jorro,16.340834,Rz
PCC,7075t73,-1.0,-1.0,-1.0,502.35,200.0,1.0,0.2,Jorro,9.1908334,Rz
PCC,7075t73,1.0,-1.0,-1.0,502.35,600.0,1.0,0.2,Jorro,9.2725,Rz
PCC,7075t73,-1.0,-1.0,1.0,502.35,200.0,1.0,0.35,Jorro,19.859167,Rz
PCC,7075t73,1.0,-1.0,1.0,502.35,600.0,1.0,0.35,Jorro,19.325,Rz
PCC,7075t73,0.0,1.4142136,0.0,502.35,400.0,4.6213,0.275,Jorro,15.735834,Rz
PCC,7075t73,0.0,0.0,-1.4142136,502.35,400.0,2.5,0.1689,Jorro,5.425,Rz
PCC,7075t73,-1.4142136,0.0,0.0,502.35,117.1573,2.5,0.275,Jorro,12.281667,Rz
PCC,7075t73,0.0,0.0,0.0,502.35,400.0,2.5,0.275,Jorro,13.339167,Rz
PCC,7075t73,0.0,0.0,0.0,502.35,400.0,2.5,0.275,Jorro,13.571666,Rz
PCC,7075t73,0.0,0.0,0.0,502.35,400.0,2.5,0.275,Jorro,13.196666,Rz
PCC,7075t73,0.0,0.0,0.0,502.35,400.0,2.5,0.275,Jorro,13.29,Rz
PCC,7075t73,1.4142136,0.0,0.0,502.35,682.8427,2.5,0.275,Jorro,12.971667,Rz
PCC,7075t73,0.0,0.0,1.4142136,502.35,400.0,2.5,0.3811,Jorro,23.93,Rz
PCC,7075t73,0.0,-1.4142136,0.0,502.35,400.0,0.3787,0.275,Jorro,13.353334,Rz
PCC,1350o,-1.0,1.0,-1.0,71.38,200.0,4.0,0.2,Jorro,339.63883,Temp
PCC,1350o,1.0,1.0,-1.0,71.38,600.0,4.0,0.2,Jorro,405.26913,Temp
PCC,1350o,-1.0,1.0,1.0,71.38,200.0,4.0,0.35,Jorro,307.62269,Temp
PCC,1350o,1.0,1.0,1.0,71.38,600.0,4.0,0.35,Jorro,406.60929,Temp
PCC,1350o,-1.0,-1.0,-1.0,71.38,200.0,1.0,0.2,Jorro,314.53791,Temp
PCC,1350o,1.0,-1.0,-1.0,71.38,600.0,1.0,0.2,Jorro,400.05034,Temp
PCC,1350o,-1.0,-1.0,1.0,71.38,200.0,1.0,0.35,Jorro,323.80397,Temp
PCC,1350o,1.0,-1.0,1.0,71.38,600.0,1.0,0.35,Jorro,418.39108,Temp
PCC,1350o,0.0,1.4142136,0.0,71.38,400.0,4.6213,0.275,Jorro,390.67595,Temp
PCC,1350o,0.0,0.0,-1.4142136,71.38,400.0,2.5,0.1689,Jorro,368.16643,Temp
PCC,1350o,-1.4142136,0.0,0.0,71.38,117.1573,2.5,0.275,Jorro,308.4427,Temp
PCC,1350o,0.0,0.0,0.0,71.38,400.0,2.5,0.275,Jorro,381.0566,Temp
PCC,1350o,0.0,0.0,0.0,71.38,400.0,2.5,0.275,Jorro,383.7219,Temp
PCC,1350o,0.0,0.0,0.0,71.38,400.0,2.5,0.275,Jorro,384.73544,Temp
PCC,1350o,0.0,0.0,0.0,71.38,400.0,2.5,0.275,Jorro,380.67588,Temp
PCC,1350o,1.4142136,0.0,0.0,71.38,682.8427,2.5,0.275,Jorro,426.69721,Temp
PCC,1350o,0.0,0.0,1.4142136,71.38,400.0,2.5,0.3811,Jorro,388.04436,Temp
PCC,1350o,0.0,-1.4142136,0.0,71.38,400.0,0.3787,0.275,Jorro,364.79541,Temp
PCC,6082t4,-1.0,1.0,-1.0,294.23,200.0,4.0,0.2,Jorro,495.43412,Temp
PCC,6082t4,1.0,1.0,-1.0,294.23,600.0,4.0,0.2,Jorro,569.33011,Temp
PCC,6082t4,-1.0,1.0,1.0,294.23,200.0,4.0,0.35,Jorro,503.35268,Temp
PCC,6082t4,1.0,1.0,1.0,294.23,600.0,4.0,0.35,Jorro,575.44584,Temp
PCC,6082t4,-1.0,-1.0,-1.0,294.23,200.0,1.0,0.2,Jorro,453.16711,Temp
PCC,6082t4,1.0,-1.0,-1.0,294.23,600.0,1.0,0.2,Jorro,545.03778,Temp
PCC,6082t4,-1.0,-1.0,1.0,294.23,200.0,1.0,0.35,Jorro,481.01219,Temp
PCC,6082t4,1.0,-1.0,1.0,294.23,600.0,1.0,0.35,Jorro,573.08616,Temp
PCC,6082t4,0.0,1.4142136,0.0,294.23,400.0,4.6213,0.275,Jorro,549.02362,Temp
PCC,6082t4,0.0,0.0,-1.4142136,294.23,400.0,2.5,0.1689,Jorro,533.32664,Temp
PCC,6082t4,-1.4142136,0.0,0.0,294.23,117.1573,2.5,0.275,Jorro,477.31519,Temp
PCC,6082t4,0.0,0.0,0.0,294.23,400.0,2.5,0.275,Jorro,546.32235,Temp
PCC,6082t4,0.0,0.0,0.0,294.23,400.0,2.5,0.275,Jorro,545.48822,Temp
PCC,6082t4,0.0,0.0,0.0,294.23,400.0,2.5,0.275,Jorro,542.95259,Temp
PCC,6082t4,0.0,0.0,0.0,294.23,400.0,2.5,0.275,Jorro,544.54097,Temp
PCC,6082t4,1.4142136,0.0,0.0,294.23,682.8427,2.5,0.275,Jorro,569.74222,Temp
PCC,6082t4,0.0,0.0,1.4142136,294.23,400.0,2.5,0.3811,Jorro,542.82443,Temp
PCC,6082t4,0.0,-1.4142136,0.0,294.23,400.0,0.3787,0.275,Jorro,520.13452,Temp
PCC,6262t6,-1.0,1.0,-1.0,297.8,200.0,4.0,0.2,Jorro,505.03262,Temp
PCC,6262t6,1.0,1.0,-1.0,297.8,600.0,4.0,0.2,Jorro,597.84191,Temp
PCC,6262t6,-1.0,1.0,1.0,297.8,200.0,4.0,0.35,Jorro,515.72036,Temp
PCC,6262t6,1.0,1.0,1.0,297.8,600.0,4.0,0.35,Jorro,603.4934,Temp
PCC,6262t6,-1.0,-1.0,-1.0,297.8,200.0,1.0,0.2,Jorro,478.52341,Temp
PCC,6262t6,1.0,-1.0,-1.0,297.8,600.0,1.0,0.2,Jorro,568.7403,Temp
PCC,6262t6,-1.0,-1.0,1.0,297.8,200.0,1.0,0.35,Jorro,502.91238,Temp
PCC,6262t6,1.0,-1.0,1.0,297.8,600.0,1.0,0.35,Jorro,590.97903,Temp
PCC,6262t6,0.0,1.4142136,0.0,297.8,400.0,4.6213,0.275,Jorro,548.91855,Temp
PCC,6262t6,0.0,0.0,-1.4142136,297.8,400.0,2.5,0.1689,Jorro,532.27038,Temp
PCC,6262t6,-1.4142136,0.0,0.0,297.8,117.1573,2.5,0.275,Jorro,470.25836,Temp
PCC,6262t6,0.0,0.0,0.0,297.8,400.0,2.5,0.275,Jorro,552.22416,Temp
PCC,6262t6,0.0,0.0,0.0,297.8,400.0,2.5,0.275,Jorro,557.88116,Temp
PCC,6262t6,0.0,0.0,0.0,297.8,400.0,2.5,0.275,Jorro,558.43755,Temp
PCC,6262t6,0.0,0.0,0.0,297.8,400.0,2.5,0.275,Jorro,557.05434,Temp
PCC,6262t6,1.4142136,0.0,0.0,297.8,682.8427,2.5,0.275,Jorro,606.30733,Temp
PCC,6262t6,0.0,0.0,1.4142136,297.8,400.0,2.5,0.3811,Jorro,567.30471,Temp
PCC,6262t6,0.0,-1.4142136,0.0,297.8,400.0,0.3787,0.275,Jorro,530.34759,Temp
PCC,6351t6,-1.0,1.0,-1.0,335.53,200.0,4.0,0.2,Jorro,500.57657,Temp
PCC,6351t6,1.0,1.0,-1.0,335.53,600.0,4.0,0.2,Jorro,590.06554,Temp
PCC,6351t6,-1.0,1.0,1.0,335.53,200.0,4.0,0.35,Jorro,532.50649,Temp
PCC,6351t6,1.0,1.0,1.0,335.53,600.0,4.0,0.35,Jorro,619.26472,Temp
PCC,6351t6,-1.0,-1.0,-1.0,335.53,200.0,1.0,0.2,Jorro,483.5722,Temp
PCC,6351t6,1.0,-1.0,-1.0,335.53,600.0,1.0,0.2,Jorro,565.7508,Temp
PCC,6351t6,-1.0,-1.0,1.0,335.53,200.0,1.0,0.35,Jorro,507.45948,Temp
PCC,6351t6,1.0,-1.0,1.0,335.53,600.0,1.0,0.35,Jorro,591.82955,Temp
PCC,6351t6,0.0,1.4142136,0.0,335.53,400.0,4.6213,0.275,Jorro,559.83448,Temp
PCC,6351t6,0.0,0.0,-1.4142136,335.53,400.0,2.5,0.1689,Jorro,547.1202,Temp
PCC,6351t6,-1.4142136,0.0,0.0,335.53,117.1573,2.5,0.275,Jorro,494.06584,Temp
PCC,6351t6,0.0,0.0,0.0,335.53,400.0,2.5,0.275,Jorro,558.52089,Temp
PCC,6351t6,0.0,0.0,0.0,335.53,400.0,2.5,0.275,Jorro,555.95416,Temp
PCC,6351t6,0.0,0.0,0.0,335.53,400.0,2.5,0.275,Jorro,553.80639,Temp
PCC,6351t6,0.0,0.0,0.0,335.53,400.0,2.5,0.275,Jorro,556.33272,Temp
PCC,6351t6,1.4142136,0.0,0.0,335.53,682.8427,2.5,0.275,Jorro,616.76723,Temp
PCC,6351t6,0.0,0.0,1.4142136,335.53,400.0,2.5,0.3811,Jorro,569.25198,Temp
PCC,6351t6,0.0,-1.4142136,0.0,335.53,400.0,0.3787,0.275,Jorro,544.31759,Temp
PCC,7075t6,-1.0,1.0,-1.0,571.47,200.0,4.0,0.2,Jorro,573.68148,Temp
PCC,7075t6,1.0,1.0,-1.0,571.47,600.0,4.0,0.2,Jorro,635.62959,Temp
PCC,7075t6,-1.0,1.0,1.0,571.47,200.0,4.0,0.35,Jorro,591.46353,Temp
PCC,7075t6,1.0,1.0,1.0,571.47,600.0,4.0,0.35,Jorro,647.10028,Temp
PCC,7075t6,-1.0,-1.0,-1.0,571.47,200.0,1.0,0.2,Jorro,564.37475,Temp
PCC,7075t6,1.0,-1.0,-1.0,571.47,600.0,1.0,0.2,Jorro,637.41091,Temp
PCC,7075t6,-1.0,-1.0,1.0,571.47,200.0,1.0,0.35,Jorro,586.82382,Temp
PCC,7075t6,1.0,-1.0,1.0,571.47,600.0,1.0,0.35,Jorro,653.54125,Temp
PCC,7075t6,0.0,1.4142136,0.0,571.47,400.0,4.6213,0.275,Jorro,616.92285,Temp
PCC,7075t6,0.0,0.0,-1.4142136,571.47,400.0,2.5,0.1689,Jorro,604.59765,Temp
PCC,7075t6,-1.4142136,0.0,0.0,571.47,117.1573,2.5,0.275,Jorro,558.0677,Temp
PCC,7075t6,0.0,0.0,0.0,571.47,400.0,2.5,0.275,Jorro,620.45578,Temp
PCC,7075t6,0.0,0.0,0.0,571.47,400.0,2.5,0.275,Jorro,619.29614,Temp
PCC,7075t6,0.0,0.0,0.0,571.47,400.0,2.5,0.275,Jorro,617.41087,Temp
PCC,7075t6,0.0,0.0,0.0,571.47,400.0,2.5,0.275,Jorro,616.02805,Temp
PCC,7075t6,1.4142136,0.0,0.0,571.47,682.8427,2.5,0.275,Jorro,649.90194,Temp
PCC,7075t6,0.0,0.0,1.4142136,571.47,400.0,2.5,0.3811,Jorro,624.55983,Temp
PCC,7075t6,0.0,-1.4142136,0.0,571.47,400.0,0.3787,0.275,Jorro,461.52058,Temp
PCC,7075t73,-1.0,1.0,-1.0,502.35,200.0,4.0,0.2,Jorro,325.46532,Temp
PCC,7075t73,1.0,1.0,-1.0,502.35,600.0,4.0,0.2,Jorro,352.48901,Temp
PCC,7075t73,-1.0,1.0,1.0,502.35,200.0,4.0,0.35,Jorro,550.91091,Temp
PCC,7075t73,1.0,1.0,1.0,502.35,600.0,4.0,0.35,Jorro,606.53624,Temp
PCC,7075t73,-1.0,-1.0,-1.0,502.35,200.0,1.0,0.2,Jorro,544.38143,Temp
PCC,7075t73,1.0,-1.0,-1.0,502.35,600.0,1.0,0.2,Jorro,596.64381,Temp
PCC,7075t73,-1.0,-1.0,1.0,502.35,200.0,1.0,0.35,Jorro,547.24041,Temp
PCC,7075t73,1.0,-1.0,1.0,502.35,600.0,1.0,0.35,Jorro,602.01487,Temp
PCC,7075t73,0.0,1.4142136,0.0,502.35,400.0,4.6213,0.275,Jorro,586.77713,Temp
PCC,7075t73,0.0,0.0,-1.4142136,502.35,400.0,2.5,0.1689,Jorro,568.06586,Temp
PCC,7075t73,-1.4142136,0.0,0.0,502.35,117.1573,2.5,0.275,Jorro,532.03193,Temp
PCC,7075t73,0.0,0.0,0.0,502.35,400.0,2.5,0.275,Jorro,584.03305,Temp
PCC,7075t73,0.0,0.0,0.0,502.35,400.0,2.5,0.275,Jorro,575.56757,Temp
PCC,7075t73,0.0,0.0,0.0,502.35,400.0,2.5,0.275,Jorro,577.29568,Temp
PCC,7075t73,0.0,0.0,0.0,502.35,400.0,2.5,0.275,Jorro,580.65144,Temp
PCC,7075t73,1.4142136,0.0,0.0,502.35,682.8427,2.5,0.275,Jorro,608.50658,Temp
PCC,7075t73,0.0,0.0,1.4142136,502.35,400.0,2.5,0.3811,Jorro,592.90958,Temp
PCC,7075t73,0.0,-1.4142136,0.0,502.35,400.0,0.3787,0.275,Jorro,561.74953,Temp
PCC,1350o,-1.0,1.0,-1.0,71.38,200.0,4.0,0.2,Jorro,50.455973,Vibra
PCC,1350o,1.0,1.0,-1.0,71.38,600.0,4.0,0.2,Jorro,89.039819,Vibra
PCC,1350o,-1.0,1.0,1.0,71.38,200.0,4.0,0.35,Jorro,49.963009,Vibra
PCC,1350o,1.0,1.0,1.0,71.38,600.0,4.0,0.35,Jorro,98.9436,Vibra
PCC,1350o,-1.0,-1.0,-1.0,71.38,200.0,1.0,0.2,Jorro,24.24315,Vibra
PCC,1350o,1.0,-1.0,-1.0,71.38,600.0,1.0,0.2,Jorro,29.282866,Vibra
PCC,1350o,-1.0,-1.0,1.0,71.38,200.0,1.0,0.35,Jorro,48.016621,Vibra
PCC,1350o,1.0,-1.0,1.0,71.38,600.0,1.0,0.35,Jorro,72.331222,Vibra
PCC,1350o,0.0,1.4142136,0.0,71.38,400.0,4.6213,0.275,Jorro,244.11757,Vibra
PCC,1350o,0.0,0.0,-1.4142136,71.38,400.0,2.5,0.1689,Jorro,198.05059,Vibra
PCC,1350o,-1.4142136,0.0,0.0,71.38,117.1573,2.5,0.275,Jorro,35.971196,Vibra
PCC,1350o,0.0,0.0,0.0,71.38,400.0,2.5,0.275,Jorro,267.06183,Vibra
PCC,1350o,0.0,0.0,0.0,71.38,400.0,2.5,0.275,Jorro,54.429721,Vibra
PCC,1350o,0.0,0.0,0.0,71.38,400.0,2.5,0.275,Jorro,53.826182,Vibra
PCC,1350o,0.0,0.0,0.0,71.38,400.0,2.5,0.275,Jorro,61.96535,Vibra
PCC,1350o,1.4142136,0.0,0.0,71.38,682.8427,2.5,0.275,Jorro,91.961945,Vibra
PCC,1350o,0.0,0.0,1.4142136,71.38,400.0,2.5,0.3811,Jorro,185.95083,Vibra
PCC,1350o,0.0,-1.4142136,0.0,71.38,400.0,0.3787,0.275,Jorro,112.27919,Vibra
PCC,6082t4,-1.0,1.0,-1.0,294.23,200.0,4.0,0.2,Jorro,26.13273,Vibra
PCC,6082t4,1.0,1.0,-1.0,294.23,600.0,4.0,0.2,Jorro,23.484429,Vibra
PCC,6082t4,-1.0,1.0,1.0,294.23,200.0,4.0,0.35,Jorro,38.781608,Vibra
PCC,6082t4,1.0,1.0,1.0,294.23,600.0,4.0,0.35,Jorro,59.391739,Vibra
PCC,6082t4,-1.0,-1.0,-1.0,294.23,200.0,1.0,0.2,Jorro,16.703315,Vibra
PCC,6082t4,1.0,-1.0,-1.0,294.23,600.0,1.0,0.2,Jorro,13.202216,Vibra
PCC,6082t4,-1.0,-1.0,1.0,294.23,200.0,1.0,0.35,Jorro,38.138572,Vibra
PCC,6082t4,1.0,-1.0,1.0,294.23,600.0,1.0,0.35,Jorro,23.41611,Vibra
PCC,6082t4,0.0,1.4142136,0.0,294.23,400.0,4.6213,0.275,Jorro,28.7025,Vibra
PCC,6082t4,0.0,0.0,-1.4142136,294.23,400.0,2.5,0.1689,Jorro,16.409619,Vibra
PCC,6082t4,-1.4142136,0.0,0.0,294.23,117.1573,2.5,0.275,Jorro,27.251085,Vibra
PCC,6082t4,0.0,0.0,0.0,294.23,400.0,2.5,0.275,Jorro,23.688848,Vibra
PCC,6082t4,0.0,0.0,0.0,294.23,400.0,2.5,0.275,Jorro,31.695117,Vibra
PCC,6082t4,0.0,0.0,0.0,294.23,400.0,2.5,0.275,Jorro,26.18459,Vibra
PCC,6082t4,0.0,0.0,0.0,294.23,400.0,2.5,0.275,Jorro,24.374204,Vibra
PCC,6082t4,1.4142136,0.0,0.0,294.23,682.8427,2.5,0.275,Jorro,28.563508,Vibra
PCC,6082t4,0.0,0.0,1.4142136,294.23,400.0,2.5,0.3811,Jorro,35.101225,Vibra
PCC,6082t4,0.0,-1.4142136,0.0,294.23,400.0,0.3787,0.275,Jorro,12.050789,Vibra
PCC,6262t6,-1.0,1.0,-1.0,297.8,200.0,4.0,0.2,Jorro,69.683139,Vibra
PCC,6262t6,1.0,1.0,-1.0,297.8,600.0,4.0,0.2,Jorro,100.77159,Vibra
PCC,6262t6,-1.0,1.0,1.0,297.8,200.0,4.0,0.35,Jorro,108.43158,Vibra
PCC,6262t6,1.0,1.0,1.0,297.8,600.0,4.0,0.35,Jorro,215.85164,Vibra
PCC,6262t6,-1.0,-1.0,-1.0,297.8,200.0,1.0,0.2,Jorro,51.164478,Vibra
PCC,6262t6,1.0,-1.0,-1.0,297.8,600.0,1.0,0.2,Jorro,72.498014,Vibra
PCC,6262t6,-1.0,-1.0,1.0,297.8,200.0,1.0,0.35,Jorro,89.199039,Vibra
PCC,6262t6,1.0,-1.0,1.0,297.8,600.0,1.0,0.35,Jorro,120.02081,Vibra
PCC,6262t6,0.0,1.4142136,0.0,297.8,400.0,4.6213,0.275,Jorro,267.63252,Vibra
PCC,6262t6,0.0,0.0,-1.4142136,297.8,400.0,2.5,0.1689,Jorro,111.87014,Vibra
PCC,6262t6,-1.4142136,0.0,0.0,297.8,117.1573,2.5,0.275,Jorro,84.810878,Vibra
PCC,6262t6,0.0,0.0,0.0,297.8,400.0,2.5,0.275,Jorro,181.77944,Vibra
PCC,6262t6,0.0,0.0,0.0,297.8,400.0,2.5,0.275,Jorro,178.99765,Vibra
PCC,6262t6,0.0,0.0,0.0,297.8,400.0,2.5,0.275,Jorro,179.61874,Vibra
PCC,6262t6,0.0,0.0,0.0,297.8,400.0,2.5,0.275,Jorro,191.95484,Vibra
PCC,6262t6,1.4142136,0.0,0.0,297.8,682.8427,2.5,0.275,Jorro,161.362,Vibra
PCC,6262t6,0.0,0.0,1.4142136,297.8,400.0,2.5,0.3811,Jorro,259.70986,Vibra
PCC,6262t6,0.0,-1.4142136,0.0,297.8,400.0,0.3787,0.275,Jorro,65.923419,Vibra
PCC,6351t6,-1.0,1.0,-1.0,335.53,200.0,4.0,0.2,Jorro,56.614608,Vibra
PCC,6351t6,1.0,1.0,-1.0,335.53,600.0,4.0,0.2,Jorro,75.755081,Vibra
PCC,6351t6,-1.0,1.0,1.0,335.53,200.0,4.0,0.35,Jorro,90.379698,Vibra
PCC,6351t6,1.0,1.0,1.0,335.53,600.0,4.0,0.35,Jorro,112.1926,Vibra
PCC,6351t6,-1.0,-1.0,-1.0,335.53,200.0,1.0,0.2,Jorro,39.782765,Vibra
PCC,6351t6,1.0,-1.0,-1.0,335.53,600.0,1.0,0.2,Jorro,36.180529,Vibra
PCC,6351t6,-1.0,-1.0,1.0,335.53,200.0,1.0,0.35,Jorro,69.573408,Vibra
PCC,6351t6,1.0,-1.0,1.0,335.53,600.0,1.0,0.35,Jorro,40.709576,Vibra
PCC,6351t6,0.0,1.4142136,0.0,335.53,400.0,4.6213,0.275,Jorro,57.305994,Vibra
PCC,6351t6,0.0,0.0,-1.4142136,335.53,400.0,2.5,0.1689,Jorro,30.710338,Vibra
PCC,6351t6,-1.4142136,0.0,0.0,335.53,117.1573,2.5,0.275,Jorro,55.577911,Vibra
PCC,6351t6,0.0,0.0,0.0,335.53,400.0,2.5,0.275,Jorro,52.902521,Vibra
PCC,6351t6,0.0,0.0,0.0,335.53,400.0,2.5,0.275,Jorro,64.745889,Vibra
PCC,6351t6,0.0,0.0,0.0,335.53,400.0,2.5,0.275,Jorro,80.615186,Vibra
PCC,6351t6,0.0,0.0,0.0,335.53,400.0,2.5,0.275,Jorro,86.137921,Vibra
PCC,6351t6,1.4142136,0.0,0.0,335.53,682.8427,2.5,0.275,Jorro,104.78308,Vibra
PCC,6351t6,0.0,0.0,1.4142136,335.53,400.0,2.5,0.3811,Jorro,103.7343,Vibra
PCC,6351t6,0.0,-1.4142136,0.0,335.53,400.0,0.3787,0.275,Jorro,18.93636,Vibra
PCC,7075t6,-1.0,1.0,-1.0,571.47,200.0,4.0,0.2,Jorro,19.923056,Vibra
PCC,7075t6,1.0,1.0,-1.0,571.47,600.0,4.0,0.2,Jorro,16.366664,Vibra
PCC,7075t6,-1.0,1.0,1.0,571.47,200.0,4.0,0.35,Jorro,70.575255,Vibra
PCC,7075t6,1.0,1.0,1.0,571.47,600.0,4.0,0.35,Jorro,141.70175,Vibra
PCC,7075t6,-1.0,-1.0,-1.0,571.47,200.0,1.0,0.2,Jorro,19.338897,Vibra
PCC,7075t6,1.0,-1.0,-1.0,571.47,600.0,1.0,0.2,Jorro,16.597679,Vibra
PCC,7075t6,-1.0,-1.0,1.0,571.47,200.0,1.0,0.35,Jorro,44.611654,Vibra
PCC,7075t6,1.0,-1.0,1.0,571.47,600.0,1.0,0.35,Jorro,26.694831,Vibra
PCC,7075t6,0.0,1.4142136,0.0,571.47,400.0,4.6213,0.275,Jorro,38.585837,Vibra
PCC,7075t6,0.0,0.0,-1.4142136,571.47,400.0,2.5,0.1689,Jorro,11.974427,Vibra
PCC,7075t6,-1.4142136,0.0,0.0,571.47,117.1573,2.5,0.275,Jorro,27.977153,Vibra
PCC,7075t6,0.0,0.0,0.0,571.47,400.0,2.5,0.275,Jorro,24.544835,Vibra
PCC,7075t6,0.0,0.0,0.0,571.47,400.0,2.5,0.275,Jorro,23.203417,Vibra
PCC,7075t6,0.0,0.0,0.0,571.47,400.0,2.5,0.275,Jorro,23.781224,Vibra
PCC,7075t6,0.0,0.0,0.0,571.47,400.0,2.5,0.275,Jorro,23.037423,Vibra
PCC,7075t6,1.4142136,0.0,0.0,571.47,682.8427,2.5,0.275,Jorro,33.819879,Vibra
PCC,7075t6,0.0,0.0,1.4142136,571.47,400.0,2.5,0.3811,Jorro,93.868017,Vibra
PCC,7075t6,0.0,-1.4142136,0.0,571.47,400.0,0.3787,0.275,Jorro,7.327789,Vibra
PCC,7075t73,-1.0,1.0,-1.0,502.35,200.0,4.0,0.2,Jorro,14.865287,Vibra
PCC,7075t73,1.0,1.0,-1.0,502.35,600.0,4.0,0.2,Jorro,9.8683692,Vibra
PCC,7075t73,-1.0,1.0,1.0,502.35,200.0,4.0,0.35,Jorro,18.947339,Vibra
PCC,7075t73,1.0,1.0,1.0,502.35,600.0,4.0,0.35,Jorro,39.542699,Vibra
PCC,7075t73,-1.0,-1.0,-1.0,502.35,200.0,1.0,0.2,Jorro,10.703175,Vibra
PCC,7075t73,1.0,-1.0,-1.0,502.35,600.0,1.0,0.2,Jorro,6.4994164,Vibra
PCC,7075t73,-1.0,-1.0,1.0,502.35,200.0,1.0,0.35,Jorro,28.397347,Vibra
PCC,7075t73,1.0,-1.0,1.0,502.35,600.0,1.0,0.35,Jorro,12.83854,Vibra
PCC,7075t73,0.0,1.4142136,0.0,502.35,400.0,4.6213,0.275,Jorro,16.976475,Vibra
PCC,7075t73,0.0,0.0,-1.4142136,502.35,400.0,2.5,0.1689,Jorro,8.1846944,Vibra
PCC,7075t73,-1.4142136,0.0,0.0,502.35,117.1573,2.5,0.275,Jorro,22.897702,Vibra
PCC,7075t73,0.0,0.0,0.0,502.35,400.0,2.5,0.275,Jorro,11.900973,Vibra
PCC,7075t73,0.0,0.0,0.0,502.35,400.0,2.5,0.275,Jorro,12.041454,Vibra
PCC,7075t73,0.0,0.0,0.0,502.35,400.0,2.5,0.275,Jorro,11.707488,Vibra
PCC,7075t73,0.0,0.0,0.0,502.35,400.0,2.5,0.275,Jorro,11.637753,Vibra
PCC,7075t73,1.4142136,0.0,0.0,502.35,682.8427,2.5,0.275,Jorro,10.915501,Vibra
PCC,7075t73,0.0,0.0,1.4142136,502.35,400.0,2.5,0.3811,Jorro,20.674805,Vibra
PCC,7075t73,0.0,-1.4142136,0.0,502.35,400.0,0.3787,0.275,Jorro,6.9760215,Vibra
