Plan,x2,x3,x4,x5,Ligas,Rm,Vc,ap,f,Lub,Valor,Resp
2k,-1.0,1.0,-1.0,1.0,1350o,71.38,200.0,4.0,0.2,Jorro,792.15076,Fc
2k,-1.0,1.0,-1.0,1.0,1350o,71.38,200.0,4.0,0.2,MQF,817.23977,Fc
2k,1.0,1.0,-1.0,-1.0,1350o,71.38,600.0,4.0,0.2,Seco,693.37238,Fc
2k,1.0,1.0,-1.0,1.0,1350o,71.38,600.0,4.0,0.2,Jorro,681.54369,Fc
2k,1.0,1.0,-1.0,1.0,1350o,71.38,600.0,4.0,0.2,MQF,690.54868,Fc
2k,-1.0,1.0,1.0,-1.0,1350o,71.38,200.0,4.0,0.35,Seco,1214.2807,Fc
2k,-1.0,1.0,1.0,1.0,1350o,71.38,200.0,4.0,0.35,Jorro,1232.2179,Fc
2k,-1.0,1.0,1.0,1.0,1350o,71.38,200.0,4.0,0.35,MQF,1223.0104,Fc
2k,1.0,1.0,1.0,-1.0,1350o,71.38,600.0,4.0,0.35,Seco,991.97587,Fc
2k,1.0,1.0,1.0,1.0,1350o,71.38,600.0,4.0,0.35,Jorro,986.32308,Fc
2k,1.0,1.0,1.0,1.0,1350o,71.38,600.0,4.0,0.35,MQF,1032.0218,Fc
2k,-1.0,-1.0,-1.0,-1.0,1350o,71.38,200.0,1.0,0.2,Seco,232.1757,Fc
2k,-1.0,-1.0,-1.0,1.0,1350o,71.38,200.0,1.0,0.2,Jorro,197.42622,Fc
2k,-1.0,-1.0,-1.0,1.0,1350o,71.38,200.0,1.0,0.2,MQF,216.45338,Fc
2k,1.0,-1.0,-1.0,-1.0,1350o,71.38,600.0,1.0,0.2,Seco,179.65585,Fc
2k,1.0,-1.0,-1.0,1.0,1350o,71.38,600.0,1.0,0.2,Jorro,145.11342,Fc
2k,1.0,-1.0,-1.0,1.0,1350o,71.38,600.0,1.0,0.2,MQF,183.16983,Fc
2k,-1.0,-1.0,1.0,-1.0,1350o,71.38,200.0,1.0,0.35,Seco,316.15291,Fc
2k,-1.0,-1.0,1.0,1.0,1350o,71.38,200.0,1.0,0.35,Jorro,310.93337,Fc
2k,-1.0,-1.0,1.0,1.0,1350o,71.38,200.0,1.0,0.35,MQF,328.45815,Fc
2k,1.0,-1.0,1.0,-1.0,1350o,71.38,600.0,1.0,0.35,Seco,239.83777,Fc
2k,1.0,-1.0,1.0,1.0,1350o,71.38,600.0,1.0,0.35,Jorro,235.7865,Fc
2k,1.0,-1.0,1.0,1.0,1350o,71.38,600.0,1.0,0.35,MQF,243.45374,Fc
2k,-1.0,1.0,-1.0,1.0,6082t4,294.23,200.0,4.0,0.2,Jorro,607.58985,Fc
2k,-1.0,1.0,-1.0,1.0,6082t4,294.23,200.0,4.0,0.2,MQF,621.52833,Fc
2k,1.0,1.0,-1.0,-1.0,6082t4,294.23,600.0,4.0,0.2,Seco,550.63059,Fc
2k,1.0,1.0,-1.0,1.0,6082t4,294.23,600.0,4.0,0.2,Jorro,551.17308,Fc
2k,1.0,1.0,-1.0,1.0,6082t4,294.23,600.0,4.0,0.2,MQF,576.75652,Fc
2k,-1.0,1.0,1.0,-1.0,6082t4,294.23,200.0,4.0,0.35,Seco,1006.011,Fc
2k,-1.0,1.0,1.0,1.0,6082t4,294.23,200.0,4.0,0.35,Jorro,994.46711,Fc
2k,-1.0,1.0,1.0,1.0,6082t4,294.23,200.0,4.0,0.35,MQF,1024.0422,Fc
2k,1.0,1.0,1.0,-1.0,6082t4,294.23,600.0,4.0,0.35,Seco,882.71211,Fc
2k,1.0,1.0,1.0,1.0,6082t4,294.23,600.0,4.0,0.35,Jorro,905.64706,Fc
2k,1.0,1.0,1.0,1.0,6082t4,294.23,600.0,4.0,0.35,MQF,949.48488,Fc
2k,-1.0,-1.0,-1.0,-1.0,6082t4,294.23,200.0,1.0,0.2,Seco,139.17056,Fc
2k,-1.0,-1.0,-1.0,1.0,6082t4,294.23,200.0,1.0,0.2,Jorro,137.8916,Fc
2k,-1.0,-1.0,-1.0,1.0,6082t4,294.23,200.0,1.0,0.2,MQF,138.56691,Fc
2k,1.0,-1.0,-1.0,-1.0,6082t4,294.23,600.0,1.0,0.2,Seco,130.15403,Fc
2k,1.0,-1.0,-1.0,1.0,6082t4,294.23,600.0,1.0,0.2,Jorro,129.14576,Fc
2k,1.0,-1.0,-1.0,1.0,6082t4,294.23,600.0,1.0,0.2,MQF,143.69277,Fc
2k,-1.0,-1.0,1.0,-1.0,6082t4,294.23,200.0,1.0,0.35,Seco,225.1555,Fc
2k,-1.0,-1.0,1.0,1.0,6082t4,294.23,200.0,1.0,0.35,Jorro,225.50775,Fc
2k,-1.0,-1.0,1.0,1.0,6082t4,294.23,200.0,1.0,0.35,MQF,233.63644,Fc
2k,1.0,-1.0,1.0,-1.0,6082t4,294.23,600.0,1.0,0.35,Seco,198.70587,Fc
2k,1.0,-1.0,1.0,1.0,6082t4,294.23,600.0,1.0,0.35,Jorro,199.81511,Fc
2k,1.0,-1.0,1.0,1.0,6082t4,294.23,600.0,1.0,0.35,MQF,205.27329,Fc
2k,-1.0,1.0,-1.0,1.0,6262t6,297.8,200.0,4.0,0.2,Jorro,509.01604,Fc
2k,-1.0,1.0,-1.0,1.0,6262t6,297.8,200.0,4.0,0.2,MQF,520.87684,Fc
2k,1.0,1.0,-1.0,-1.0,6262t6,297.8,600.0,4.0,0.2,Seco,508.54193,Fc
2k,1.0,1.0,-1.0,1.0,6262t6,297.8,600.0,4.0,0.2,Jorro,512.96727,Fc
2k,1.0,1.0,-1.0,1.0,6262t6,297.8,600.0,4.0,0.2,MQF,529.2073,Fc
2k,-1.0,1.0,1.0,-1.0,6262t6,297.8,200.0,4.0,0.35,Seco,860.16597,Fc
2k,-1.0,1.0,1.0,1.0,6262t6,297.8,200.0,4.0,0.35,Jorro,868.99459,Fc
2k,-1.0,1.0,1.0,1.0,6262t6,297.8,200.0,4.0,0.35,MQF,871.79098,Fc
2k,1.0,1.0,1.0,-1.0,6262t6,297.8,600.0,4.0,0.35,Seco,822.86489,Fc
2k,1.0,1.0,1.0,1.0,6262t6,297.8,600.0,4.0,0.35,Jorro,831.4643,Fc
2k,1.0,1.0,1.0,1.0,6262t6,297.8,600.0,4.0,0.35,MQF,841.7695,Fc
2k,-1.0,-1.0,-1.0,-1.0,6262t6,297.8,200.0,1.0,0.2,Seco,126.77852,Fc
2k,-1.0,-1.0,-1.0,1.0,6262t6,297.8,200.0,1.0,0.2,Jorro,128.72908,Fc
2k,-1.0,-1.0,-1.0,1.0,6262t6,297.8,200.0,1.0,0.2,MQF,127.38563,Fc
2k,1.0,-1.0,-1.0,-1.0,6262t6,297.8,600.0,1.0,0.2,Seco,124.42377,Fc
2k,1.0,-1.0,-1.0,1.0,6262t6,297.8,600.0,1.0,0.2,Jorro,127.94929,Fc
2k,1.0,-1.0,-1.0,1.0,6262t6,297.8,600.0,1.0,0.2,MQF,130.54171,Fc
2k,-1.0,-1.0,1.0,-1.0,6262t6,297.8,200.0,1.0,0.35,Seco,201.94059,Fc
2k,-1.0,-1.0,1.0,1.0,6262t6,297.8,200.0,1.0,0.35,Jorro,201.74462,Fc
2k,-1.0,-1.0,1.0,1.0,6262t6,297.8,200.0,1.0,0.35,MQF,205.49349,Fc
2k,1.0,-1.0,1.0,-1.0,6262t6,297.8,600.0,1.0,0.35,Seco,197.1621,Fc
2k,1.0,-1.0,1.0,1.0,6262t6,297.8,600.0,1.0,0.35,Jorro,197.39781,Fc
2k,1.0,-1.0,1.0,1.0,6262t6,297.8,600.0,1.0,0.35,MQF,199.65102,Fc
2k,-1.0,1.0,-1.0,1.0,6351t6,335.53,200.0,4.0,0.2,Jorro,630.26426,Fc
2k,-1.0,1.0,-1.0,1.0,6351t6,335.53,200.0,4.0,0.2,MQF,647.45425,Fc
2k,1.0,1.0,-1.0,-1.0,6351t6,335.53,600.0,4.0,0.2,Seco,577.10109,Fc
2k,1.0,1.0,-1.0,1.0,6351t6,335.53,600.0,4.0,0.2,Jorro,583.86638,Fc
2k,1.0,1.0,-1.0,1.0,6351t6,335.53,600.0,4.0,0.2,MQF,601.9808,Fc
2k,-1.0,1.0,1.0,-1.0,6351t6,335.53,200.0,4.0,0.35,Seco,1023.9154,Fc
2k,-1.0,1.0,1.0,1.0,6351t6,335.53,200.0,4.0,0.35,Jorro,1032.9967,Fc
2k,-1.0,1.0,1.0,1.0,6351t6,335.53,200.0,4.0,0.35,MQF,1034.8564,Fc
2k,1.0,1.0,1.0,-1.0,6351t6,335.53,600.0,4.0,0.35,Seco,928.68199,Fc
2k,1.0,1.0,1.0,1.0,6351t6,335.53,600.0,4.0,0.35,Jorro,926.25164,Fc
2k,1.0,1.0,1.0,1.0,6351t6,335.53,600.0,4.0,0.35,MQF,928.99518,Fc
2k,-1.0,-1.0,-1.0,-1.0,6351t6,335.53,200.0,1.0,0.2,Seco,160.95996,Fc
2k,-1.0,-1.0,-1.0,1.0,6351t6,335.53,200.0,1.0,0.2,Jorro,163.08985,Fc
2k,-1.0,-1.0,-1.0,1.0,6351t6,335.53,200.0,1.0,0.2,MQF,160.34538,Fc
2k,1.0,-1.0,-1.0,-1.0,6351t6,335.53,600.0,1.0,0.2,Seco,143.302,Fc
2k,1.0,-1.0,-1.0,1.0,6351t6,335.53,600.0,1.0,0.2,Jorro,147.99948,Fc
2k,1.0,-1.0,-1.0,1.0,6351t6,335.53,600.0,1.0,0.2,MQF,151.03884,Fc
2k,-1.0,-1.0,1.0,-1.0,6351t6,335.53,200.0,1.0,0.35,Seco,262.56376,Fc
2k,-1.0,-1.0,1.0,1.0,6351t6,335.53,200.0,1.0,0.35,Jorro,254.53774,Fc
2k,-1.0,-1.0,1.0,1.0,6351t6,335.53,200.0,1.0,0.35,MQF,259.15947,Fc
2k,1.0,-1.0,1.0,-1.0,6351t6,335.53,600.0,1.0,0.35,Seco,225.3264,Fc
2k,1.0,-1.0,1.0,1.0,6351t6,335.53,600.0,1.0,0.35,Jorro,224.95512,Fc
2k,1.0,-1.0,1.0,1.0,6351t6,335.53,600.0,1.0,0.35,MQF,228.24133,Fc
2k,-1.0,1.0,-1.0,1.0,7075t6,571.47,200.0,4.0,0.2,Jorro,748.7545,Fc
2k,-1.0,1.0,-1.0,1.0,7075t6,571.47,200.0,4.0,0.2,MQF,750.80105,Fc
2k,1.0,1.0,-1.0,-1.0,7075t6,571.47,600.0,4.0,0.2,Seco,679.49318,Fc
2k,1.0,1.0,-1.0,1.0,7075t6,571.47,600.0,4.0,0.2,Jorro,677.63984,Fc
2k,1.0,1.0,-1.0,1.0,7075t6,571.47,600.0,4.0,0.2,MQF,686.9395,Fc
2k,-1.0,1.0,1.0,-1.0,7075t6,571.47,200.0,4.0,0.35,Seco,1153.2431,Fc
2k,-1.0,1.0,1.0,1.0,7075t6,571.47,200.0,4.0,0.35,Jorro,1150.4096,Fc
2k,-1.0,1.0,1.0,1.0,7075t6,571.47,200.0,4.0,0.35,MQF,1179.3045,Fc
2k,1.0,1.0,1.0,-1.0,7075t6,571.47,600.0,4.0,0.35,Seco,965.04428,Fc
2k,1.0,1.0,1.0,1.0,7075t6,571.47,600.0,4.0,0.35,Jorro,991.72327,Fc
2k,1.0,1.0,1.0,1.0,7075t6,571.47,600.0,4.0,0.35,MQF,1003.1278,Fc
2k,-1.0,-1.0,-1.0,-1.0,7075t6,571.47,200.0,1.0,0.2,Seco,169.88308,Fc
2k,-1.0,-1.0,-1.0,1.0,7075t6,571.47,200.0,1.0,0.2,Jorro,166.69755,Fc
2k,-1.0,-1.0,-1.0,1.0,7075t6,571.47,200.0,1.0,0.2,MQF,164.8727,Fc
2k,1.0,-1.0,-1.0,-1.0,7075t6,571.47,600.0,1.0,0.2,Seco,150.58999,Fc
2k,1.0,-1.0,-1.0,1.0,7075t6,571.47,600.0,1.0,0.2,Jorro,153.30865,Fc
2k,1.0,-1.0,-1.0,1.0,7075t6,571.47,600.0,1.0,0.2,MQF,163.2757,Fc
2k,-1.0,-1.0,1.0,-1.0,7075t6,571.47,200.0,1.0,0.35,Seco,257.61147,Fc
2k,-1.0,-1.0,1.0,1.0,7075t6,571.47,200.0,1.0,0.35,Jorro,256.95741,Fc
2k,-1.0,-1.0,1.0,1.0,7075t6,571.47,200.0,1.0,0.35,MQF,265.0347,Fc
2k,1.0,-1.0,1.0,-1.0,7075t6,571.47,600.0,1.0,0.35,Seco,232.69648,Fc
2k,1.0,-1.0,1.0,1.0,7075t6,571.47,600.0,1.0,0.35,Jorro,237.71174,Fc
2k,1.0,-1.0,1.0,1.0,7075t6,571.47,600.0,1.0,0.35,MQF,244.3363,Fc
2k,-1.0,1.0,-1.0,1.0,7075t73,502.35,200.0,4.0,0.2,Jorro,680.46561,Fc
2k,-1.0,1.0,-1.0,1.0,7075t73,502.35,200.0,4.0,0.2,MQF,701.49621,Fc
2k,1.0,1.0,-1.0,-1.0,7075t73,502.35,600.0,4.0,0.2,Seco,631.55855,Fc
2k,1.0,1.0,-1.0,1.0,7075t73,502.35,600.0,4.0,0.2,Jorro,647.92585,Fc
2k,1.0,1.0,-1.0,1.0,7075t73,502.35,600.0,4.0,0.2,MQF,658.3316,Fc
2k,-1.0,1.0,1.0,-1.0,7075t73,502.35,200.0,4.0,0.35,Seco,1119.1109,Fc
2k,-1.0,1.0,1.0,1.0,7075t73,502.35,200.0,4.0,0.35,Jorro,1132.3096,Fc
2k,-1.0,1.0,1.0,1.0,7075t73,502.35,200.0,4.0,0.35,MQF,1156.9649,Fc
2k,1.0,1.0,1.0,-1.0,7075t73,502.35,600.0,4.0,0.35,Seco,1010.4655,Fc
2k,1.0,1.0,1.0,1.0,7075t73,502.35,600.0,4.0,0.35,Jorro,1023.3934,Fc
2k,1.0,1.0,1.0,1.0,7075t73,502.35,600.0,4.0,0.35,MQF,1029.8707,Fc
2k,-1.0,-1.0,-1.0,-1.0,7075t73,502.35,200.0,1.0,0.2,Seco,177.25301,Fc
2k,-1.0,-1.0,-1.0,1.0,7075t73,502.35,200.0,1.0,0.2,Jorro,174.14427,Fc
2k,-1.0,-1.0,-1.0,1.0,7075t73,502.35,200.0,1.0,0.2,MQF,179.00043,Fc
2k,1.0,-1.0,-1.0,-1.0,7075t73,502.35,600.0,1.0,0.2,Seco,158.93916,Fc
2k,1.0,-1.0,-1.0,1.0,7075t73,502.35,600.0,1.0,0.2,Jorro,158.98637,Fc
2k,1.0,-1.0,-1.0,1.0,7075t73,502.35,600.0,1.0,0.2,MQF,165.6316,Fc
2k,-1.0,-1.0,1.0,-1.0,7075t73,502.35,200.0,1.0,0.35,Seco,282.36398,Fc
2k,-1.0,-1.0,1.0,1.0,7075t73,502.35,200.0,1.0,0.35,Jorro,279.97062,Fc
2k,-1.0,-1.0,1.0,1.0,7075t73,502.35,200.0,1.0,0.35,MQF,288.64182,Fc
2k,1.0,-1.0,1.0,-1.0,7075t73,502.35,600.0,1.0,0.35,Seco,248.87021,Fc
2k,1.0,-1.0,1.0,1.0,7075t73,502.35,600.0,1.0,0.35,Jorro,255.06557,Fc
2k,1.0,-1.0,1.0,1.0,7075t73,502.35,600.0,1.0,0.35,MQF,261.95004,Fc
2k,-1.0,1.0,-1.0,1.0,1350o,71.38,200.0,4.0,0.2,Jorro,323.81691,Ff
2k,-1.0,1.0,-1.0,1.0,1350o,71.38,200.0,4.0,0.2,MQF,347.82238,Ff
2k,1.0,1.0,-1.0,-1.0,1350o,71.38,600.0,4.0,0.2,Seco,241.1527,Ff
2k,1.0,1.0,-1.0,1.0,1350o,71.38,600.0,4.0,0.2,Jorro,234.16844,Ff
2k,1.0,1.0,-1.0,1.0,1350o,71.38,600.0,4.0,0.2,MQF,240.53466,Ff
2k,-1.0,1.0,1.0,-1.0,1350o,71.38,200.0,4.0,0.35,Seco,428.09085,Ff
2k,-1.0,1.0,1.0,1.0,1350o,71.38,200.0,4.0,0.35,Jorro,440.98944,Ff
2k,-1.0,1.0,1.0,1.0,1350o,71.38,200.0,4.0,0.35,MQF,425.72644,Ff
2k,1.0,1.0,1.0,-1.0,1350o,71.38,600.0,4.0,0.35,Seco,232.38846,Ff
2k,1.0,1.0,1.0,1.0,1350o,71.38,600.0,4.0,0.35,Jorro,230.14837,Ff
2k,1.0,1.0,1.0,1.0,1350o,71.38,600.0,4.0,0.35,MQF,253.42509,Ff
2k,-1.0,-1.0,-1.0,-1.0,1350o,71.38,200.0,1.0,0.2,Seco,98.436041,Ff
2k,-1.0,-1.0,-1.0,1.0,1350o,71.38,200.0,1.0,0.2,Jorro,74.130789,Ff
2k,-1.0,-1.0,-1.0,1.0,1350o,71.38,200.0,1.0,0.2,MQF,87.549532,Ff
2k,1.0,-1.0,-1.0,-1.0,1350o,71.38,600.0,1.0,0.2,Seco,62.361319,Ff
2k,1.0,-1.0,-1.0,1.0,1350o,71.38,600.0,1.0,0.2,Jorro,41.256339,Ff
2k,1.0,-1.0,-1.0,1.0,1350o,71.38,600.0,1.0,0.2,MQF,62.712337,Ff
2k,-1.0,-1.0,1.0,-1.0,1350o,71.38,200.0,1.0,0.35,Seco,118.42158,Ff
2k,-1.0,-1.0,1.0,1.0,1350o,71.38,200.0,1.0,0.35,Jorro,108.11242,Ff
2k,-1.0,-1.0,1.0,1.0,1350o,71.38,200.0,1.0,0.35,MQF,117.63553,Ff
2k,1.0,-1.0,1.0,-1.0,1350o,71.38,600.0,1.0,0.35,Seco,57.680695,Ff
2k,1.0,-1.0,1.0,1.0,1350o,71.38,600.0,1.0,0.35,Jorro,52.683209,Ff
2k,1.0,-1.0,1.0,1.0,1350o,71.38,600.0,1.0,0.35,MQF,53.9666,Ff
2k,-1.0,1.0,-1.0,1.0,6082t4,294.23,200.0,4.0,0.2,Jorro,167.77586,Ff
2k,-1.0,1.0,-1.0,1.0,6082t4,294.23,200.0,4.0,0.2,MQF,169.59293,Ff
2k,1.0,1.0,-1.0,-1.0,6082t4,294.23,600.0,4.0,0.2,Seco,92.149868,Ff
2k,1.0,1.0,-1.0,1.0,6082t4,294.23,600.0,4.0,0.2,Jorro,96.830486,Ff
2k,1.0,1.0,-1.0,1.0,6082t4,294.23,600.0,4.0,0.2,MQF,97.344458,Ff
2k,-1.0,1.0,1.0,-1.0,6082t4,294.23,200.0,4.0,0.35,Seco,230.26089,Ff
2k,-1.0,1.0,1.0,1.0,6082t4,294.23,200.0,4.0,0.35,Jorro,215.39427,Ff
2k,-1.0,1.0,1.0,1.0,6082t4,294.23,200.0,4.0,0.35,MQF,228.04615,Ff
2k,1.0,1.0,1.0,-1.0,6082t4,294.23,600.0,4.0,0.35,Seco,82.965237,Ff
2k,1.0,1.0,1.0,1.0,6082t4,294.23,600.0,4.0,0.35,Jorro,98.44993,Ff
2k,1.0,1.0,1.0,1.0,6082t4,294.23,600.0,4.0,0.35,MQF,132.41083,Ff
2k,-1.0,-1.0,-1.0,-1.0,6082t4,294.23,200.0,1.0,0.2,Seco,36.133969,Ff
2k,-1.0,-1.0,-1.0,1.0,6082t4,294.23,200.0,1.0,0.2,Jorro,36.206404,Ff
2k,-1.0,-1.0,-1.0,1.0,6082t4,294.23,200.0,1.0,0.2,MQF,35.414259,Ff
2k,1.0,-1.0,-1.0,-1.0,6082t4,294.23,600.0,1.0,0.2,Seco,21.070352,Ff
2k,1.0,-1.0,-1.0,1.0,6082t4,294.23,600.0,1.0,0.2,Jorro,20.984144,Ff
2k,1.0,-1.0,-1.0,1.0,6082t4,294.23,600.0,1.0,0.2,MQF,22.491933,Ff
2k,-1.0,-1.0,1.0,-1.0,6082t4,294.23,200.0,1.0,0.35,Seco,48.952423,Ff
2k,-1.0,-1.0,1.0,1.0,6082t4,294.23,200.0,1.0,0.35,Jorro,46.784254,Ff
2k,-1.0,-1.0,1.0,1.0,6082t4,294.23,200.0,1.0,0.35,MQF,50.36259,Ff
2k,1.0,-1.0,1.0,-1.0,6082t4,294.23,600.0,1.0,0.35,Seco,16.429351,Ff
2k,1.0,-1.0,1.0,1.0,6082t4,294.23,600.0,1.0,0.35,Jorro,13.577133,Ff
2k,1.0,-1.0,1.0,1.0,6082t4,294.23,600.0,1.0,0.35,MQF,14.09669,Ff
2k,-1.0,1.0,-1.0,1.0,6262t6,297.8,200.0,4.0,0.2,Jorro,81.993661,Ff
2k,-1.0,1.0,-1.0,1.0,6262t6,297.8,200.0,4.0,0.2,MQF,88.747354,Ff
2k,1.0,1.0,-1.0,-1.0,6262t6,297.8,600.0,4.0,0.2,Seco,83.823206,Ff
2k,1.0,1.0,-1.0,1.0,6262t6,297.8,600.0,4.0,0.2,Jorro,82.266643,Ff
2k,1.0,1.0,-1.0,1.0,6262t6,297.8,600.0,4.0,0.2,MQF,82.224576,Ff
2k,-1.0,1.0,1.0,-1.0,6262t6,297.8,200.0,4.0,0.35,Seco,116.46167,Ff
2k,-1.0,1.0,1.0,1.0,6262t6,297.8,200.0,4.0,0.35,Jorro,125.29388,Ff
2k,-1.0,1.0,1.0,1.0,6262t6,297.8,200.0,4.0,0.35,MQF,127.62576,Ff
2k,1.0,1.0,1.0,-1.0,6262t6,297.8,600.0,4.0,0.35,Seco,73.283952,Ff
2k,1.0,1.0,1.0,1.0,6262t6,297.8,600.0,4.0,0.35,Jorro,74.290732,Ff
2k,1.0,1.0,1.0,1.0,6262t6,297.8,600.0,4.0,0.35,MQF,73.317285,Ff
2k,-1.0,-1.0,-1.0,-1.0,6262t6,297.8,200.0,1.0,0.2,Seco,21.040767,Ff
2k,-1.0,-1.0,-1.0,1.0,6262t6,297.8,200.0,1.0,0.2,Jorro,20.641205,Ff
2k,-1.0,-1.0,-1.0,1.0,6262t6,297.8,200.0,1.0,0.2,MQF,20.114047,Ff
2k,1.0,-1.0,-1.0,-1.0,6262t6,297.8,600.0,1.0,0.2,Seco,19.92251,Ff
2k,1.0,-1.0,-1.0,1.0,6262t6,297.8,600.0,1.0,0.2,Jorro,19.776388,Ff
2k,1.0,-1.0,-1.0,1.0,6262t6,297.8,600.0,1.0,0.2,MQF,19.927892,Ff
2k,-1.0,-1.0,1.0,-1.0,6262t6,297.8,200.0,1.0,0.35,Seco,20.371017,Ff
2k,-1.0,-1.0,1.0,1.0,6262t6,297.8,200.0,1.0,0.35,Jorro,17.7585,Ff
2k,-1.0,-1.0,1.0,1.0,6262t6,297.8,200.0,1.0,0.35,MQF,20.355657,Ff
2k,1.0,-1.0,1.0,-1.0,6262t6,297.8,600.0,1.0,0.35,Seco,13.181813,Ff
2k,1.0,-1.0,1.0,1.0,6262t6,297.8,600.0,1.0,0.35,Jorro,12.115118,Ff
2k,1.0,-1.0,1.0,1.0,6262t6,297.8,600.0,1.0,0.35,MQF,12.756474,Ff
2k,-1.0,1.0,-1.0,1.0,6351t6,335.53,200.0,4.0,0.2,Jorro,141.16721,Ff
2k,-1.0,1.0,-1.0,1.0,6351t6,335.53,200.0,4.0,0.2,MQF,146.2339,Ff
2k,1.0,1.0,-1.0,-1.0,6351t6,335.53,600.0,4.0,0.2,Seco,74.862332,Ff
2k,1.0,1.0,-1.0,1.0,6351t6,335.53,600.0,4.0,0.2,Jorro,87.833838,Ff
2k,1.0,1.0,-1.0,1.0,6351t6,335.53,600.0,4.0,0.2,MQF,89.72359,Ff
2k,-1.0,1.0,1.0,-1.0,6351t6,335.53,200.0,4.0,0.35,Seco,177.18856,Ff
2k,-1.0,1.0,1.0,1.0,6351t6,335.53,200.0,4.0,0.35,Jorro,165.68446,Ff
2k,-1.0,1.0,1.0,1.0,6351t6,335.53,200.0,4.0,0.35,MQF,168.56578,Ff
2k,1.0,1.0,1.0,-1.0,6351t6,335.53,600.0,4.0,0.35,Seco,71.180285,Ff
2k,1.0,1.0,1.0,1.0,6351t6,335.53,600.0,4.0,0.35,Jorro,70.569706,Ff
2k,1.0,1.0,1.0,1.0,6351t6,335.53,600.0,4.0,0.35,MQF,74.433998,Ff
2k,-1.0,-1.0,-1.0,-1.0,6351t6,335.53,200.0,1.0,0.2,Seco,39.223655,Ff
2k,-1.0,-1.0,-1.0,1.0,6351t6,335.53,200.0,1.0,0.2,Jorro,40.352593,Ff
2k,-1.0,-1.0,-1.0,1.0,6351t6,335.53,200.0,1.0,0.2,MQF,38.920052,Ff
2k,1.0,-1.0,-1.0,-1.0,6351t6,335.53,600.0,1.0,0.2,Seco,24.375733,Ff
2k,1.0,-1.0,-1.0,1.0,6351t6,335.53,600.0,1.0,0.2,Jorro,24.398348,Ff
2k,1.0,-1.0,-1.0,1.0,6351t6,335.53,600.0,1.0,0.2,MQF,24.170046,Ff
2k,-1.0,-1.0,1.0,-1.0,6351t6,335.53,200.0,1.0,0.35,Seco,43.083556,Ff
2k,-1.0,-1.0,1.0,1.0,6351t6,335.53,200.0,1.0,0.35,Jorro,41.310861,Ff
2k,-1.0,-1.0,1.0,1.0,6351t6,335.53,200.0,1.0,0.35,MQF,42.231963,Ff
2k,1.0,-1.0,1.0,-1.0,6351t6,335.53,600.0,1.0,0.35,Seco,15.273883,Ff
2k,1.0,-1.0,1.0,1.0,6351t6,335.53,600.0,1.0,0.35,Jorro,13.586156,Ff
2k,1.0,-1.0,1.0,1.0,6351t6,335.53,600.0,1.0,0.35,MQF,20.736944,Ff
2k,-1.0,1.0,-1.0,1.0,7075t6,571.47,200.0,4.0,0.2,Jorro,233.16933,Ff
2k,-1.0,1.0,-1.0,1.0,7075t6,571.47,200.0,4.0,0.2,MQF,237.47047,Ff
2k,1.0,1.0,-1.0,-1.0,7075t6,571.47,600.0,4.0,0.2,Seco,179.75199,Ff
2k,1.0,1.0,-1.0,1.0,7075t6,571.47,600.0,4.0,0.2,Jorro,185.18923,Ff
2k,1.0,1.0,-1.0,1.0,7075t6,571.47,600.0,4.0,0.2,MQF,193.23371,Ff
2k,-1.0,1.0,1.0,-1.0,7075t6,571.47,200.0,4.0,0.35,Seco,224.51539,Ff
2k,-1.0,1.0,1.0,1.0,7075t6,571.47,200.0,4.0,0.35,Jorro,221.74455,Ff
2k,-1.0,1.0,1.0,1.0,7075t6,571.47,200.0,4.0,0.35,MQF,228.44354,Ff
2k,1.0,1.0,1.0,-1.0,7075t6,571.47,600.0,4.0,0.35,Seco,153.54213,Ff
2k,1.0,1.0,1.0,1.0,7075t6,571.47,600.0,4.0,0.35,Jorro,166.85187,Ff
2k,1.0,1.0,1.0,1.0,7075t6,571.47,600.0,4.0,0.35,MQF,172.11571,Ff
2k,-1.0,-1.0,-1.0,-1.0,7075t6,571.47,200.0,1.0,0.2,Seco,31.364272,Ff
2k,-1.0,-1.0,-1.0,1.0,7075t6,571.47,200.0,1.0,0.2,Jorro,31.542137,Ff
2k,-1.0,-1.0,-1.0,1.0,7075t6,571.47,200.0,1.0,0.2,MQF,30.37397,Ff
2k,1.0,-1.0,-1.0,-1.0,7075t6,571.47,600.0,1.0,0.2,Seco,24.320309,Ff
2k,1.0,-1.0,-1.0,1.0,7075t6,571.47,600.0,1.0,0.2,Jorro,24.853994,Ff
2k,1.0,-1.0,-1.0,1.0,7075t6,571.47,600.0,1.0,0.2,MQF,25.005452,Ff
2k,-1.0,-1.0,1.0,-1.0,7075t6,571.47,200.0,1.0,0.35,Seco,30.547268,Ff
2k,-1.0,-1.0,1.0,1.0,7075t6,571.47,200.0,1.0,0.35,Jorro,30.50981,Ff
2k,-1.0,-1.0,1.0,1.0,7075t6,571.47,200.0,1.0,0.35,MQF,30.898555,Ff
2k,1.0,-1.0,1.0,-1.0,7075t6,571.47,600.0,1.0,0.35,Seco,12.675652,Ff
2k,1.0,-1.0,1.0,1.0,7075t6,571.47,600.0,1.0,0.35,Jorro,11.79695,Ff
2k,1.0,-1.0,1.0,1.0,7075t6,571.47,600.0,1.0,0.35,MQF,15.918607,Ff
2k,-1.0,1.0,-1.0,1.0,7075t73,502.35,200.0,4.0,0.2,Jorro,215.25125,Ff
2k,-1.0,1.0,-1.0,1.0,7075t73,502.35,200.0,4.0,0.2,MQF,213.09044,Ff
2k,1.0,1.0,-1.0,-1.0,7075t73,502.35,600.0,4.0,0.2,Seco,176.74346,Ff
2k,1.0,1.0,-1.0,1.0,7075t73,502.35,600.0,4.0,0.2,Jorro,204.87591,Ff
2k,1.0,1.0,-1.0,1.0,7075t73,502.35,600.0,4.0,0.2,MQF,205.58525,Ff
2k,-1.0,1.0,1.0,-1.0,7075t73,502.35,200.0,4.0,0.35,Seco,248.41314,Ff
2k,-1.0,1.0,1.0,1.0,7075t73,502.35,200.0,4.0,0.35,Jorro,253.58874,Ff
2k,-1.0,1.0,1.0,1.0,7075t73,502.35,200.0,4.0,0.35,MQF,257.87878,Ff
2k,1.0,1.0,1.0,-1.0,7075t73,502.35,600.0,4.0,0.35,Seco,171.87165,Ff
2k,1.0,1.0,1.0,1.0,7075t73,502.35,600.0,4.0,0.35,Jorro,187.24317,Ff
2k,1.0,1.0,1.0,1.0,7075t73,502.35,600.0,4.0,0.35,MQF,187.36333,Ff
2k,-1.0,-1.0,-1.0,-1.0,7075t73,502.35,200.0,1.0,0.2,Seco,41.360922,Ff
2k,-1.0,-1.0,-1.0,1.0,7075t73,502.35,200.0,1.0,0.2,Jorro,43.470684,Ff
2k,-1.0,-1.0,-1.0,1.0,7075t73,502.35,200.0,1.0,0.2,MQF,42.296162,Ff
2k,1.0,-1.0,-1.0,-1.0,7075t73,502.35,600.0,1.0,0.2,Seco,27.329942,Ff
2k,1.0,-1.0,-1.0,1.0,7075t73,502.35,600.0,1.0,0.2,Jorro,30.393078,Ff
2k,1.0,-1.0,-1.0,1.0,7075t73,502.35,600.0,1.0,0.2,MQF,27.915857,Ff
2k,-1.0,-1.0,1.0,-1.0,7075t73,502.35,200.0,1.0,0.35,Seco,42.907737,Ff
2k,-1.0,-1.0,1.0,1.0,7075t73,502.35,200.0,1.0,0.35,Jorro,42.873599,Ff
2k,-1.0,-1.0,1.0,1.0,7075t73,502.35,200.0,1.0,0.35,MQF,45.967901,Ff
2k,1.0,-1.0,1.0,-1.0,7075t73,502.35,600.0,1.0,0.35,Seco,22.051981,Ff
2k,1.0,-1.0,1.0,1.0,7075t73,502.35,600.0,1.0,0.35,Jorro,23.306581,Ff
2k,1.0,-1.0,1.0,1.0,7075t73,502.35,600.0,1.0,0.35,MQF,27.305206,Ff
2k,-1.0,1.0,-1.0,1.0,1350o,71.38,200.0,4.0,0.2,Jorro,45.676949,Fp
2k,-1.0,1.0,-1.0,1.0,1350o,71.38,200.0,4.0,0.2,MQF,53.875455,Fp
2k,1.0,1.0,-1.0,-1.0,1350o,71.38,600.0,4.0,0.2,Seco,38.639034,Fp
2k,1.0,1.0,-1.0,1.0,1350o,71.38,600.0,4.0,0.2,Jorro,37.547403,Fp
2k,1.0,1.0,-1.0,1.0,1350o,71.38,600.0,4.0,0.2,MQF,37.173051,Fp
2k,-1.0,1.0,1.0,-1.0,1350o,71.38,200.0,4.0,0.35,Seco,85.637182,Fp
2k,-1.0,1.0,1.0,1.0,1350o,71.38,200.0,4.0,0.35,Jorro,75.061508,Fp
2k,-1.0,1.0,1.0,1.0,1350o,71.38,200.0,4.0,0.35,MQF,81.0409,Fp
2k,1.0,1.0,1.0,-1.0,1350o,71.38,600.0,4.0,0.35,Seco,43.885818,Fp
2k,1.0,1.0,1.0,1.0,1350o,71.38,600.0,4.0,0.35,Jorro,23.054772,Fp
2k,1.0,1.0,1.0,1.0,1350o,71.38,600.0,4.0,0.35,MQF,65.364559,Fp
2k,-1.0,-1.0,-1.0,-1.0,1350o,71.38,200.0,1.0,0.2,Seco,64.089983,Fp
2k,-1.0,-1.0,-1.0,1.0,1350o,71.38,200.0,1.0,0.2,Jorro,47.500944,Fp
2k,-1.0,-1.0,-1.0,1.0,1350o,71.38,200.0,1.0,0.2,MQF,60.956839,Fp
2k,1.0,-1.0,-1.0,-1.0,1350o,71.38,600.0,1.0,0.2,Seco,43.117257,Fp
2k,1.0,-1.0,-1.0,1.0,1350o,71.38,600.0,1.0,0.2,Jorro,18.492263,Fp
2k,1.0,-1.0,-1.0,1.0,1350o,71.38,600.0,1.0,0.2,MQF,44.128189,Fp
2k,-1.0,-1.0,1.0,-1.0,1350o,71.38,200.0,1.0,0.35,Seco,76.248266,Fp
2k,-1.0,-1.0,1.0,1.0,1350o,71.38,200.0,1.0,0.35,Jorro,72.34172,Fp
2k,-1.0,-1.0,1.0,1.0,1350o,71.38,200.0,1.0,0.35,MQF,81.026113,Fp
2k,1.0,-1.0,1.0,-1.0,1350o,71.38,600.0,1.0,0.35,Seco,41.692987,Fp
2k,1.0,-1.0,1.0,1.0,1350o,71.38,600.0,1.0,0.35,Jorro,31.210308,Fp
2k,1.0,-1.0,1.0,1.0,1350o,71.38,600.0,1.0,0.35,MQF,43.789427,Fp
2k,-1.0,1.0,-1.0,1.0,6082t4,294.23,200.0,4.0,0.2,Jorro,-7.1622159,Fp
2k,-1.0,1.0,-1.0,1.0,6082t4,294.23,200.0,4.0,0.2,MQF,-1.7195145,Fp
2k,1.0,1.0,-1.0,-1.0,6082t4,294.23,600.0,4.0,0.2,Seco,-6.2357716,Fp
2k,1.0,1.0,-1.0,1.0,6082t4,294.23,600.0,4.0,0.2,Jorro,-16.851996,Fp
2k,1.0,1.0,-1.0,1.0,6082t4,294.23,600.0,4.0,0.2,MQF,-3.1452847,Fp
2k,-1.0,1.0,1.0,-1.0,6082t4,294.23,200.0,4.0,0.35,Seco,-7.8705983,Fp
2k,-1.0,1.0,1.0,1.0,6082t4,294.23,200.0,4.0,0.35,Jorro,-10.316925,Fp
2k,-1.0,1.0,1.0,1.0,6082t4,294.23,200.0,4.0,0.35,MQF,-8.3326793,Fp
2k,1.0,1.0,1.0,-1.0,6082t4,294.23,600.0,4.0,0.35,Seco,-17.643893,Fp
2k,1.0,1.0,1.0,1.0,6082t4,294.23,600.0,4.0,0.35,Jorro,-20.490205,Fp
2k,1.0,1.0,1.0,1.0,6082t4,294.23,600.0,4.0,0.35,MQF,6.5533025,Fp
2k,-1.0,-1.0,-1.0,-1.0,6082t4,294.23,200.0,1.0,0.2,Seco,12.603752,Fp
2k,-1.0,-1.0,-1.0,1.0,6082t4,294.23,200.0,1.0,0.2,Jorro,11.809823,Fp
2k,-1.0,-1.0,-1.0,1.0,6082t4,294.23,200.0,1.0,0.2,MQF,13.535992,Fp
2k,1.0,-1.0,-1.0,-1.0,6082t4,294.23,600.0,1.0,0.2,Seco,3.4078756,Fp
2k,1.0,-1.0,-1.0,1.0,6082t4,294.23,600.0,1.0,0.2,Jorro,-3.3493994,Fp
2k,1.0,-1.0,-1.0,1.0,6082t4,294.23,600.0,1.0,0.2,MQF,5.4938184,Fp
2k,-1.0,-1.0,1.0,-1.0,6082t4,294.23,200.0,1.0,0.35,Seco,18.880316,Fp
2k,-1.0,-1.0,1.0,1.0,6082t4,294.23,200.0,1.0,0.35,Jorro,13.364521,Fp
2k,-1.0,-1.0,1.0,1.0,6082t4,294.23,200.0,1.0,0.35,MQF,19.876498,Fp
2k,1.0,-1.0,1.0,-1.0,6082t4,294.23,600.0,1.0,0.35,Seco,-2.1905052,Fp
2k,1.0,-1.0,1.0,1.0,6082t4,294.23,600.0,1.0,0.35,Jorro,-8.3200019,Fp
2k,1.0,-1.0,1.0,1.0,6082t4,294.23,600.0,1.0,0.35,MQF,-0.1375612,Fp
2k,-1.0,1.0,-1.0,1.0,6262t6,297.8,200.0,4.0,0.2,Jorro,-13.798831,Fp
2k,-1.0,1.0,-1.0,1.0,6262t6,297.8,200.0,4.0,0.2,MQF,-10.338653,Fp
2k,1.0,1.0,-1.0,-1.0,6262t6,297.8,600.0,4.0,0.2,Seco,-12.940889,Fp
2k,1.0,1.0,-1.0,1.0,6262t6,297.8,600.0,4.0,0.2,Jorro,-19.951203,Fp
2k,1.0,1.0,-1.0,1.0,6262t6,297.8,600.0,4.0,0.2,MQF,-10.453792,Fp
2k,-1.0,1.0,1.0,-1.0,6262t6,297.8,200.0,4.0,0.35,Seco,-25.448124,Fp
2k,-1.0,1.0,1.0,1.0,6262t6,297.8,200.0,4.0,0.35,Jorro,-37.797023,Fp
2k,-1.0,1.0,1.0,1.0,6262t6,297.8,200.0,4.0,0.35,MQF,-25.00159,Fp
2k,1.0,1.0,1.0,-1.0,6262t6,297.8,600.0,4.0,0.35,Seco,-29.883442,Fp
2k,1.0,1.0,1.0,1.0,6262t6,297.8,600.0,4.0,0.35,Jorro,-36.580776,Fp
2k,1.0,1.0,1.0,1.0,6262t6,297.8,600.0,4.0,0.35,MQF,-28.625715,Fp
2k,-1.0,-1.0,-1.0,-1.0,6262t6,297.8,200.0,1.0,0.2,Seco,10.28273,Fp
2k,-1.0,-1.0,-1.0,1.0,6262t6,297.8,200.0,1.0,0.2,Jorro,9.3978318,Fp
2k,-1.0,-1.0,-1.0,1.0,6262t6,297.8,200.0,1.0,0.2,MQF,13.500524,Fp
2k,1.0,-1.0,-1.0,-1.0,6262t6,297.8,600.0,1.0,0.2,Seco,9.5108385,Fp
2k,1.0,-1.0,-1.0,1.0,6262t6,297.8,600.0,1.0,0.2,Jorro,4.900415,Fp
2k,1.0,-1.0,-1.0,1.0,6262t6,297.8,600.0,1.0,0.2,MQF,10.826767,Fp
2k,-1.0,-1.0,1.0,-1.0,6262t6,297.8,200.0,1.0,0.35,Seco,8.6146653,Fp
2k,-1.0,-1.0,1.0,1.0,6262t6,297.8,200.0,1.0,0.35,Jorro,6.1340101,Fp
2k,-1.0,-1.0,1.0,1.0,6262t6,297.8,200.0,1.0,0.35,MQF,11.130155,Fp
2k,1.0,-1.0,1.0,-1.0,6262t6,297.8,600.0,1.0,0.35,Seco,4.1107761,Fp
2k,1.0,-1.0,1.0,1.0,6262t6,297.8,600.0,1.0,0.35,Jorro,0.65260805,Fp
2k,1.0,-1.0,1.0,1.0,6262t6,297.8,600.0,1.0,0.35,MQF,6.3317823,Fp
2k,-1.0,1.0,-1.0,1.0,6351t6,335.53,200.0,4.0,0.2,Jorro,-15.420102,Fp
2k,-1.0,1.0,-1.0,1.0,6351t6,335.53,200.0,4.0,0.2,MQF,-11.585755,Fp
2k,1.0,1.0,-1.0,-1.0,6351t6,335.53,600.0,4.0,0.2,Seco,-21.489839,Fp
2k,1.0,1.0,-1.0,1.0,6351t6,335.53,600.0,4.0,0.2,Jorro,-17.793891,Fp
2k,1.0,1.0,-1.0,1.0,6351t6,335.53,600.0,4.0,0.2,MQF,-13.225155,Fp
2k,-1.0,1.0,1.0,-1.0,6351t6,335.53,200.0,4.0,0.35,Seco,-24.817889,Fp
2k,-1.0,1.0,1.0,1.0,6351t6,335.53,200.0,4.0,0.35,Jorro,-24.563229,Fp
2k,-1.0,1.0,1.0,1.0,6351t6,335.53,200.0,4.0,0.35,MQF,-22.021429,Fp
2k,1.0,1.0,1.0,-1.0,6351t6,335.53,600.0,4.0,0.35,Seco,-36.374788,Fp
2k,1.0,1.0,1.0,1.0,6351t6,335.53,600.0,4.0,0.35,Jorro,-39.251002,Fp
2k,1.0,1.0,1.0,1.0,6351t6,335.53,600.0,4.0,0.35,MQF,-34.2897,Fp
2k,-1.0,-1.0,-1.0,-1.0,6351t6,335.53,200.0,1.0,0.2,Seco,18.825967,Fp
2k,-1.0,-1.0,-1.0,1.0,6351t6,335.53,200.0,1.0,0.2,Jorro,15.240866,Fp
2k,-1.0,-1.0,-1.0,1.0,6351t6,335.53,200.0,1.0,0.2,MQF,18.744291,Fp
2k,1.0,-1.0,-1.0,-1.0,6351t6,335.53,600.0,1.0,0.2,Seco,9.6891106,Fp
2k,1.0,-1.0,-1.0,1.0,6351t6,335.53,600.0,1.0,0.2,Jorro,4.1491101,Fp
2k,1.0,-1.0,-1.0,1.0,6351t6,335.53,600.0,1.0,0.2,MQF,10.575023,Fp
2k,-1.0,-1.0,1.0,-1.0,6351t6,335.53,200.0,1.0,0.35,Seco,24.853153,Fp
2k,-1.0,-1.0,1.0,1.0,6351t6,335.53,200.0,1.0,0.35,Jorro,19.212911,Fp
2k,-1.0,-1.0,1.0,1.0,6351t6,335.53,200.0,1.0,0.35,MQF,23.826318,Fp
2k,1.0,-1.0,1.0,-1.0,6351t6,335.53,600.0,1.0,0.35,Seco,3.9538166,Fp
2k,1.0,-1.0,1.0,1.0,6351t6,335.53,600.0,1.0,0.35,Jorro,-0.46990235,Fp
2k,1.0,-1.0,1.0,1.0,6351t6,335.53,600.0,1.0,0.35,MQF,4.4219865,Fp
2k,-1.0,1.0,-1.0,1.0,7075t6,571.47,200.0,4.0,0.2,Jorro,-1.904827,Fp
2k,-1.0,1.0,-1.0,1.0,7075t6,571.47,200.0,4.0,0.2,MQF,8.1155765,Fp
2k,1.0,1.0,-1.0,-1.0,7075t6,571.47,600.0,4.0,0.2,Seco,7.4751655,Fp
2k,1.0,1.0,-1.0,1.0,7075t6,571.47,600.0,4.0,0.2,Jorro,4.514467,Fp
2k,1.0,1.0,-1.0,1.0,7075t6,571.47,600.0,4.0,0.2,MQF,8.0338525,Fp
2k,-1.0,1.0,1.0,-1.0,7075t6,571.47,200.0,4.0,0.35,Seco,-16.366504,Fp
2k,-1.0,1.0,1.0,1.0,7075t6,571.47,200.0,4.0,0.35,Jorro,-23.143587,Fp
2k,-1.0,1.0,1.0,1.0,7075t6,571.47,200.0,4.0,0.35,MQF,-18.594606,Fp
2k,1.0,1.0,1.0,-1.0,7075t6,571.47,600.0,4.0,0.35,Seco,-22.690437,Fp
2k,1.0,1.0,1.0,1.0,7075t6,571.47,600.0,4.0,0.35,Jorro,-28.520747,Fp
2k,1.0,1.0,1.0,1.0,7075t6,571.47,600.0,4.0,0.35,MQF,-20.253883,Fp
2k,-1.0,-1.0,-1.0,-1.0,7075t6,571.47,200.0,1.0,0.2,Seco,-0.89119678,Fp
2k,-1.0,-1.0,-1.0,1.0,7075t6,571.47,200.0,1.0,0.2,Jorro,-5.7592206,Fp
2k,-1.0,-1.0,-1.0,1.0,7075t6,571.47,200.0,1.0,0.2,MQF,-3.8040439,Fp
2k,1.0,-1.0,-1.0,-1.0,7075t6,571.47,600.0,1.0,0.2,Seco,-4.305791,Fp
2k,1.0,-1.0,-1.0,1.0,7075t6,571.47,600.0,1.0,0.2,Jorro,-8.6432996,Fp
2k,1.0,-1.0,-1.0,1.0,7075t6,571.47,600.0,1.0,0.2,MQF,-3.595304,Fp
2k,-1.0,-1.0,1.0,-1.0,7075t6,571.47,200.0,1.0,0.35,Seco,-5.5619295,Fp
2k,-1.0,-1.0,1.0,1.0,7075t6,571.47,200.0,1.0,0.35,Jorro,-11.44987,Fp
2k,-1.0,-1.0,1.0,1.0,7075t6,571.47,200.0,1.0,0.35,MQF,-5.0339079,Fp
2k,1.0,-1.0,1.0,-1.0,7075t6,571.47,600.0,1.0,0.35,Seco,-16.557291,Fp
2k,1.0,-1.0,1.0,1.0,7075t6,571.47,600.0,1.0,0.35,Jorro,-19.066182,Fp
2k,1.0,-1.0,1.0,1.0,7075t6,571.47,600.0,1.0,0.35,MQF,-14.933477,Fp
2k,-1.0,1.0,-1.0,1.0,7075t73,502.35,200.0,4.0,0.2,Jorro,34.166902,Fp
2k,-1.0,1.0,-1.0,1.0,7075t73,502.35,200.0,4.0,0.2,MQF,39.13845,Fp
2k,1.0,1.0,-1.0,-1.0,7075t73,502.35,600.0,4.0,0.2,Seco,66.581674,Fp
2k,1.0,1.0,-1.0,1.0,7075t73,502.35,600.0,4.0,0.2,Jorro,69.633673,Fp
2k,1.0,1.0,-1.0,1.0,7075t73,502.35,600.0,4.0,0.2,MQF,78.583075,Fp
2k,-1.0,1.0,1.0,-1.0,7075t73,502.35,200.0,4.0,0.35,Seco,39.523472,Fp
2k,-1.0,1.0,1.0,1.0,7075t73,502.35,200.0,4.0,0.35,Jorro,43.795854,Fp
2k,-1.0,1.0,1.0,1.0,7075t73,502.35,200.0,4.0,0.35,MQF,43.645773,Fp
2k,1.0,1.0,1.0,-1.0,7075t73,502.35,600.0,4.0,0.35,Seco,59.399946,Fp
2k,1.0,1.0,1.0,1.0,7075t73,502.35,600.0,4.0,0.35,Jorro,61.834225,Fp
2k,1.0,1.0,1.0,1.0,7075t73,502.35,600.0,4.0,0.35,MQF,69.174818,Fp
2k,-1.0,-1.0,-1.0,-1.0,7075t73,502.35,200.0,1.0,0.2,Seco,15.5739,Fp
2k,-1.0,-1.0,-1.0,1.0,7075t73,502.35,200.0,1.0,0.2,Jorro,9.2421275,Fp
2k,-1.0,-1.0,-1.0,1.0,7075t73,502.35,200.0,1.0,0.2,MQF,12.110492,Fp
2k,1.0,-1.0,-1.0,-1.0,7075t73,502.35,600.0,1.0,0.2,Seco,7.1500652,Fp
2k,1.0,-1.0,-1.0,1.0,7075t73,502.35,600.0,1.0,0.2,Jorro,-1.0437655,Fp
2k,1.0,-1.0,-1.0,1.0,7075t73,502.35,600.0,1.0,0.2,MQF,9.0359507,Fp
2k,-1.0,-1.0,1.0,-1.0,7075t73,502.35,200.0,1.0,0.35,Seco,6.6187075,Fp
2k,-1.0,-1.0,1.0,1.0,7075t73,502.35,200.0,1.0,0.35,Jorro,6.5968273,Fp
2k,-1.0,-1.0,1.0,1.0,7075t73,502.35,200.0,1.0,0.35,MQF,7.1179943,Fp
2k,1.0,-1.0,1.0,-1.0,7075t73,502.35,600.0,1.0,0.35,Seco,-0.594708,Fp
2k,1.0,-1.0,1.0,1.0,7075t73,502.35,600.0,1.0,0.35,Jorro,-6.5217774,Fp
2k,1.0,-1.0,1.0,1.0,7075t73,502.35,600.0,1.0,0.35,MQF,3.3597347,Fp
2k,-1.0,1.0,-1.0,1.0,1350o,71.38,200.0,4.0,0.2,Jorro,2926.8681,Pot
2k,-1.0,1.0,-1.0,1.0,1350o,71.38,200.0,4.0,0.2,MQF,3163.3751,Pot
2k,1.0,1.0,-1.0,-1.0,1350o,71.38,600.0,4.0,0.2,Seco,7802.0989,Pot
2k,1.0,1.0,-1.0,1.0,1350o,71.38,600.0,4.0,0.2,Jorro,7785.7741,Pot
2k,1.0,1.0,-1.0,1.0,1350o,71.38,600.0,4.0,0.2,MQF,7865.1989,Pot
2k,-1.0,1.0,1.0,-1.0,1350o,71.38,200.0,4.0,0.35,Seco,4563.5973,Pot
2k,-1.0,1.0,1.0,1.0,1350o,71.38,200.0,4.0,0.35,Jorro,4713.1517,Pot
2k,-1.0,1.0,1.0,1.0,1350o,71.38,200.0,4.0,0.35,MQF,4660.6345,Pot
2k,1.0,1.0,1.0,-1.0,1350o,71.38,600.0,4.0,0.35,Seco,10322.589,Pot
2k,1.0,1.0,1.0,1.0,1350o,71.38,600.0,4.0,0.35,Jorro,10370.4,Pot
2k,1.0,1.0,1.0,1.0,1350o,71.38,600.0,4.0,0.35,MQF,10604.934,Pot
2k,-1.0,-1.0,-1.0,-1.0,1350o,71.38,200.0,1.0,0.2,Seco,1020.7472,Pot
2k,-1.0,-1.0,-1.0,1.0,1350o,71.38,200.0,1.0,0.2,Jorro,891.92134,Pot
2k,-1.0,-1.0,-1.0,1.0,1350o,71.38,200.0,1.0,0.2,MQF,953.33837,Pot
2k,1.0,-1.0,-1.0,-1.0,1350o,71.38,600.0,1.0,0.2,Seco,2450.5742,Pot
2k,1.0,-1.0,-1.0,1.0,1350o,71.38,600.0,1.0,0.2,Jorro,2104.8821,Pot
2k,1.0,-1.0,-1.0,1.0,1350o,71.38,600.0,1.0,0.2,MQF,2357.6699,Pot
2k,-1.0,-1.0,1.0,-1.0,1350o,71.38,200.0,1.0,0.35,Seco,1395.4228,Pot
2k,-1.0,-1.0,1.0,1.0,1350o,71.38,200.0,1.0,0.35,Jorro,1338.3565,Pot
2k,-1.0,-1.0,1.0,1.0,1350o,71.38,200.0,1.0,0.35,MQF,1374.9301,Pot
2k,1.0,-1.0,1.0,-1.0,1350o,71.38,600.0,1.0,0.35,Seco,3224.1046,Pot
2k,1.0,-1.0,1.0,1.0,1350o,71.38,600.0,1.0,0.35,Jorro,3218.0551,Pot
2k,1.0,-1.0,1.0,1.0,1350o,71.38,600.0,1.0,0.35,MQF,3205.4166,Pot
2k,-1.0,1.0,-1.0,1.0,6082t4,294.23,200.0,4.0,0.2,Jorro,2164.1675,Pot
2k,-1.0,1.0,-1.0,1.0,6082t4,294.23,200.0,4.0,0.2,MQF,2310.4683,Pot
2k,1.0,1.0,-1.0,-1.0,6082t4,294.23,600.0,4.0,0.2,Seco,6421.2243,Pot
2k,1.0,1.0,-1.0,1.0,6082t4,294.23,600.0,4.0,0.2,Jorro,6358.3063,Pot
2k,1.0,1.0,-1.0,1.0,6082t4,294.23,600.0,4.0,0.2,MQF,6396.2245,Pot
2k,-1.0,1.0,1.0,-1.0,6082t4,294.23,200.0,4.0,0.35,Seco,3715.1738,Pot
2k,-1.0,1.0,1.0,1.0,6082t4,294.23,200.0,4.0,0.35,Jorro,3738.3825,Pot
2k,-1.0,1.0,1.0,1.0,6082t4,294.23,200.0,4.0,0.35,MQF,3789.2672,Pot
2k,1.0,1.0,1.0,-1.0,6082t4,294.23,600.0,4.0,0.35,Seco,9496.6815,Pot
2k,1.0,1.0,1.0,1.0,6082t4,294.23,600.0,4.0,0.35,Jorro,9642.867,Pot
2k,1.0,1.0,1.0,1.0,6082t4,294.23,600.0,4.0,0.35,MQF,9902.2272,Pot
2k,-1.0,-1.0,-1.0,-1.0,6082t4,294.23,200.0,1.0,0.2,Seco,656.16681,Pot
2k,-1.0,-1.0,-1.0,1.0,6082t4,294.23,200.0,1.0,0.2,Jorro,667.28229,Pot
2k,-1.0,-1.0,-1.0,1.0,6082t4,294.23,200.0,1.0,0.2,MQF,666.98697,Pot
2k,1.0,-1.0,-1.0,-1.0,6082t4,294.23,600.0,1.0,0.2,Seco,1886.9054,Pot
2k,1.0,-1.0,-1.0,1.0,6082t4,294.23,600.0,1.0,0.2,Jorro,1949.9369,Pot
2k,1.0,-1.0,-1.0,1.0,6082t4,294.23,600.0,1.0,0.2,MQF,1830.2722,Pot
2k,-1.0,-1.0,1.0,-1.0,6082t4,294.23,200.0,1.0,0.35,Seco,1020.244,Pot
2k,-1.0,-1.0,1.0,1.0,6082t4,294.23,200.0,1.0,0.35,Jorro,1012.9766,Pot
2k,-1.0,-1.0,1.0,1.0,6082t4,294.23,200.0,1.0,0.35,MQF,1018.4312,Pot
2k,1.0,-1.0,1.0,-1.0,6082t4,294.23,600.0,1.0,0.35,Seco,2758.8467,Pot
2k,1.0,-1.0,1.0,1.0,6082t4,294.23,600.0,1.0,0.35,Jorro,2808.3259,Pot
2k,1.0,-1.0,1.0,1.0,6082t4,294.23,600.0,1.0,0.35,MQF,2734.8847,Pot
2k,-1.0,1.0,-1.0,1.0,6262t6,297.8,200.0,4.0,0.2,Jorro,1827.3283,Pot
2k,-1.0,1.0,-1.0,1.0,6262t6,297.8,200.0,4.0,0.2,MQF,1989.5056,Pot
2k,1.0,1.0,-1.0,-1.0,6262t6,297.8,600.0,4.0,0.2,Seco,5983.3621,Pot
2k,1.0,1.0,-1.0,1.0,6262t6,297.8,600.0,4.0,0.2,Jorro,5965.9537,Pot
2k,1.0,1.0,-1.0,1.0,6262t6,297.8,600.0,4.0,0.2,MQF,6009.5549,Pot
2k,-1.0,1.0,1.0,-1.0,6262t6,297.8,200.0,4.0,0.35,Seco,3182.5998,Pot
2k,-1.0,1.0,1.0,1.0,6262t6,297.8,200.0,4.0,0.35,Jorro,3299.6499,Pot
2k,-1.0,1.0,1.0,1.0,6262t6,297.8,200.0,4.0,0.35,MQF,3274.0153,Pot
2k,1.0,1.0,1.0,-1.0,6262t6,297.8,600.0,4.0,0.35,Seco,9039.713,Pot
2k,1.0,1.0,1.0,1.0,6262t6,297.8,600.0,4.0,0.35,Jorro,9069.6585,Pot
2k,1.0,1.0,1.0,1.0,6262t6,297.8,600.0,4.0,0.35,MQF,9179.5712,Pot
2k,-1.0,-1.0,-1.0,-1.0,6262t6,297.8,200.0,1.0,0.2,Seco,656.12821,Pot
2k,-1.0,-1.0,-1.0,1.0,6262t6,297.8,200.0,1.0,0.2,Jorro,659.43489,Pot
2k,-1.0,-1.0,-1.0,1.0,6262t6,297.8,200.0,1.0,0.2,MQF,658.71352,Pot
2k,1.0,-1.0,-1.0,-1.0,6262t6,297.8,600.0,1.0,0.2,Seco,1946.3764,Pot
2k,1.0,-1.0,-1.0,1.0,6262t6,297.8,600.0,1.0,0.2,Jorro,2018.0004,Pot
2k,1.0,-1.0,-1.0,1.0,6262t6,297.8,600.0,1.0,0.2,MQF,1951.7221,Pot
2k,-1.0,-1.0,1.0,-1.0,6262t6,297.8,200.0,1.0,0.35,Seco,954.70167,Pot
2k,-1.0,-1.0,1.0,1.0,6262t6,297.8,200.0,1.0,0.35,Jorro,945.68329,Pot
2k,-1.0,-1.0,1.0,1.0,6262t6,297.8,200.0,1.0,0.35,MQF,951.98054,Pot
2k,1.0,-1.0,1.0,-1.0,6262t6,297.8,600.0,1.0,0.35,Seco,2856.0822,Pot
2k,1.0,-1.0,1.0,1.0,6262t6,297.8,600.0,1.0,0.35,Jorro,2913.6935,Pot
2k,1.0,-1.0,1.0,1.0,6262t6,297.8,600.0,1.0,0.35,MQF,2846.7862,Pot
2k,-1.0,1.0,-1.0,1.0,6351t6,335.53,200.0,4.0,0.2,Jorro,2281.5889,Pot
2k,-1.0,1.0,-1.0,1.0,6351t6,335.53,200.0,4.0,0.2,MQF,2435.525,Pot
2k,1.0,1.0,-1.0,-1.0,6351t6,335.53,600.0,4.0,0.2,Seco,6766.2231,Pot
2k,1.0,1.0,-1.0,1.0,6351t6,335.53,600.0,4.0,0.2,Jorro,6806.1046,Pot
2k,1.0,1.0,-1.0,1.0,6351t6,335.53,600.0,4.0,0.2,MQF,6823.1304,Pot
2k,-1.0,1.0,1.0,-1.0,6351t6,335.53,200.0,4.0,0.35,Seco,3807.4749,Pot
2k,-1.0,1.0,1.0,1.0,6351t6,335.53,200.0,4.0,0.35,Jorro,3908.3616,Pot
2k,-1.0,1.0,1.0,1.0,6351t6,335.53,200.0,4.0,0.35,MQF,3891.2401,Pot
2k,1.0,1.0,1.0,-1.0,6351t6,335.53,600.0,4.0,0.35,Seco,10036.601,Pot
2k,1.0,1.0,1.0,1.0,6351t6,335.53,600.0,4.0,0.35,Jorro,9992.1965,Pot
2k,1.0,1.0,1.0,1.0,6351t6,335.53,600.0,4.0,0.35,MQF,9995.8723,Pot
2k,-1.0,-1.0,-1.0,-1.0,6351t6,335.53,200.0,1.0,0.2,Seco,781.11666,Pot
2k,-1.0,-1.0,-1.0,1.0,6351t6,335.53,200.0,1.0,0.2,Jorro,794.83964,Pot
2k,-1.0,-1.0,-1.0,1.0,6351t6,335.53,200.0,1.0,0.2,MQF,779.74137,Pot
2k,1.0,-1.0,-1.0,-1.0,6351t6,335.53,600.0,1.0,0.2,Seco,2166.0958,Pot
2k,1.0,-1.0,-1.0,1.0,6351t6,335.53,600.0,1.0,0.2,Jorro,2223.5037,Pot
2k,1.0,-1.0,-1.0,1.0,6351t6,335.53,600.0,1.0,0.2,MQF,2148.9865,Pot
2k,-1.0,-1.0,1.0,-1.0,6351t6,335.53,200.0,1.0,0.35,Seco,1127.8279,Pot
2k,-1.0,-1.0,1.0,1.0,6351t6,335.53,200.0,1.0,0.35,Jorro,1131.1876,Pot
2k,-1.0,-1.0,1.0,1.0,6351t6,335.53,200.0,1.0,0.35,MQF,1131.2119,Pot
2k,1.0,-1.0,1.0,-1.0,6351t6,335.53,600.0,1.0,0.35,Seco,3095.1426,Pot
2k,1.0,-1.0,1.0,1.0,6351t6,335.53,600.0,1.0,0.35,Jorro,3130.7516,Pot
2k,1.0,-1.0,1.0,1.0,6351t6,335.53,600.0,1.0,0.35,MQF,3046.1571,Pot
2k,-1.0,1.0,-1.0,1.0,7075t6,571.47,200.0,4.0,0.2,Jorro,2783.3144,Pot
2k,-1.0,1.0,-1.0,1.0,7075t6,571.47,200.0,4.0,0.2,MQF,2938.524,Pot
2k,1.0,1.0,-1.0,-1.0,7075t6,571.47,600.0,4.0,0.2,Seco,7999.7752,Pot
2k,1.0,1.0,-1.0,1.0,7075t6,571.47,600.0,4.0,0.2,Jorro,7963.6251,Pot
2k,1.0,1.0,-1.0,1.0,7075t6,571.47,600.0,4.0,0.2,MQF,7899.3756,Pot
2k,-1.0,1.0,1.0,-1.0,7075t6,571.47,200.0,4.0,0.35,Seco,4296.9361,Pot
2k,-1.0,1.0,1.0,1.0,7075t6,571.47,200.0,4.0,0.35,Jorro,4378.3646,Pot
2k,-1.0,1.0,1.0,1.0,7075t6,571.47,200.0,4.0,0.35,MQF,4390.644,Pot
2k,1.0,1.0,1.0,-1.0,7075t6,571.47,600.0,4.0,0.35,Seco,10386.992,Pot
2k,1.0,1.0,1.0,1.0,7075t6,571.47,600.0,4.0,0.35,Jorro,10425.046,Pot
2k,1.0,1.0,1.0,1.0,7075t6,571.47,600.0,4.0,0.35,MQF,10662.931,Pot
2k,-1.0,-1.0,-1.0,-1.0,7075t6,571.47,200.0,1.0,0.2,Seco,747.51426,Pot
2k,-1.0,-1.0,-1.0,1.0,7075t6,571.47,200.0,1.0,0.2,Jorro,759.49248,Pot
2k,-1.0,-1.0,-1.0,1.0,7075t6,571.47,200.0,1.0,0.2,MQF,749.77767,Pot
2k,1.0,-1.0,-1.0,-1.0,7075t6,571.47,600.0,1.0,0.2,Seco,2140.0728,Pot
2k,1.0,-1.0,-1.0,1.0,7075t6,571.47,600.0,1.0,0.2,Jorro,2203.2519,Pot
2k,1.0,-1.0,-1.0,1.0,7075t6,571.47,600.0,1.0,0.2,MQF,2132.1729,Pot
2k,-1.0,-1.0,1.0,-1.0,7075t6,571.47,200.0,1.0,0.35,Seco,1130.2071,Pot
2k,-1.0,-1.0,1.0,1.0,7075t6,571.47,200.0,1.0,0.35,Jorro,1123.3374,Pot
2k,-1.0,-1.0,1.0,1.0,7075t6,571.47,200.0,1.0,0.35,MQF,1141.315,Pot
2k,1.0,-1.0,1.0,-1.0,7075t6,571.47,600.0,1.0,0.35,Seco,3171.8196,Pot
2k,1.0,-1.0,1.0,1.0,7075t6,571.47,600.0,1.0,0.35,Jorro,3237.2932,Pot
2k,1.0,-1.0,1.0,1.0,7075t6,571.47,600.0,1.0,0.35,MQF,3263.0523,Pot
2k,-1.0,1.0,-1.0,1.0,7075t73,502.35,200.0,4.0,0.2,Jorro,2449.7439,Pot
2k,-1.0,1.0,-1.0,1.0,7075t73,502.35,200.0,4.0,0.2,MQF,2571.8174,Pot
2k,1.0,1.0,-1.0,-1.0,7075t73,502.35,600.0,4.0,0.2,Seco,7233.2776,Pot
2k,1.0,1.0,-1.0,1.0,7075t73,502.35,600.0,4.0,0.2,Jorro,7347.012,Pot
2k,1.0,1.0,-1.0,1.0,7075t73,502.35,600.0,4.0,0.2,MQF,7342.0445,Pot
2k,-1.0,1.0,1.0,-1.0,7075t73,502.35,200.0,4.0,0.35,Seco,4114.6042,Pot
2k,-1.0,1.0,1.0,1.0,7075t73,502.35,200.0,4.0,0.35,Jorro,4229.7729,Pot
2k,-1.0,1.0,1.0,1.0,7075t73,502.35,200.0,4.0,0.35,MQF,4230.2205,Pot
2k,1.0,1.0,1.0,-1.0,7075t73,502.35,600.0,4.0,0.35,Seco,10512.431,Pot
2k,1.0,1.0,1.0,1.0,7075t73,502.35,600.0,4.0,0.35,Jorro,10593.491,Pot
2k,1.0,1.0,1.0,1.0,7075t73,502.35,600.0,4.0,0.35,MQF,10607.833,Pot
2k,-1.0,-1.0,-1.0,-1.0,7075t73,502.35,200.0,1.0,0.2,Seco,824.66326,Pot
2k,-1.0,-1.0,-1.0,1.0,7075t73,502.35,200.0,1.0,0.2,Jorro,839.78663,Pot
2k,-1.0,-1.0,-1.0,1.0,7075t73,502.35,200.0,1.0,0.2,MQF,818.79407,Pot
2k,1.0,-1.0,-1.0,-1.0,7075t73,502.35,600.0,1.0,0.2,Seco,2346.8906,Pot
2k,1.0,-1.0,-1.0,1.0,7075t73,502.35,600.0,1.0,0.2,Jorro,2414.016,Pot
2k,1.0,-1.0,-1.0,1.0,7075t73,502.35,600.0,1.0,0.2,MQF,2336.8739,Pot
2k,-1.0,-1.0,1.0,-1.0,7075t73,502.35,200.0,1.0,0.35,Seco,1210.8401,Pot
2k,-1.0,-1.0,1.0,1.0,7075t73,502.35,200.0,1.0,0.35,Jorro,1208.5261,Pot
2k,-1.0,-1.0,1.0,1.0,7075t73,502.35,200.0,1.0,0.35,MQF,1225.441,Pot
2k,1.0,-1.0,1.0,-1.0,7075t73,502.35,600.0,1.0,0.35,Seco,3405.2414,Pot
2k,1.0,-1.0,1.0,1.0,7075t73,502.35,600.0,1.0,0.35,Jorro,3469.507,Pot
2k,1.0,-1.0,1.0,1.0,7075t73,502.35,600.0,1.0,0.35,MQF,3402.8252,Pot
2k,-1.0,1.0,-1.0,1.0,1350o,71.38,200.0,4.0,0.2,Jorro,5.2108333,Ra
2k,-1.0,1.0,-1.0,1.0,1350o,71.38,200.0,4.0,0.2,MQF,5.3391667,Ra
2k,1.0,1.0,-1.0,-1.0,1350o,71.38,600.0,4.0,0.2,Seco,4.6358334,Ra
2k,1.0,1.0,-1.0,1.0,1350o,71.38,600.0,4.0,0.2,Jorro,4.1866666,Ra
2k,1.0,1.0,-1.0,1.0,1350o,71.38,600.0,4.0,0.2,MQF,4.485,Ra
2k,-1.0,1.0,1.0,-1.0,1350o,71.38,200.0,4.0,0.35,Seco,11.609167,Ra
2k,-1.0,1.0,1.0,1.0,1350o,71.38,200.0,4.0,0.35,Jorro,11.525,Ra
2k,-1.0,1.0,1.0,1.0,1350o,71.38,200.0,4.0,0.35,MQF,12.040834,Ra
2k,1.0,1.0,1.0,-1.0,1350o,71.38,600.0,4.0,0.35,Seco,10.580834,Ra
2k,1.0,1.0,1.0,1.0,1350o,71.38,600.0,4.0,0.35,Jorro,10.291667,Ra
2k,1.0,1.0,1.0,1.0,1350o,71.38,600.0,4.0,0.35,MQF,8.8733335,Ra
2k,-1.0,-1.0,-1.0,-1.0,1350o,71.38,200.0,1.0,0.2,Seco,3.7391667,Ra
2k,-1.0,-1.0,-1.0,1.0,1350o,71.38,200.0,1.0,0.2,Jorro,3.1916667,Ra
2k,-1.0,-1.0,-1.0,1.0,1350o,71.38,200.0,1.0,0.2,MQF,3.4225,Ra
2k,1.0,-1.0,-1.0,-1.0,1350o,71.38,600.0,1.0,0.2,Seco,3.755,Ra
2k,1.0,-1.0,-1.0,1.0,1350o,71.38,600.0,1.0,0.2,Jorro,3.2425,Ra
2k,1.0,-1.0,-1.0,1.0,1350o,71.38,600.0,1.0,0.2,MQF,3.395,Ra
2k,-1.0,-1.0,1.0,-1.0,1350o,71.38,200.0,1.0,0.35,Seco,8.4691665,Ra
2k,-1.0,-1.0,1.0,1.0,1350o,71.38,200.0,1.0,0.35,Jorro,7.6116667,Ra
2k,-1.0,-1.0,1.0,1.0,1350o,71.38,200.0,1.0,0.35,MQF,8.1458335,Ra
2k,1.0,-1.0,1.0,-1.0,1350o,71.38,600.0,1.0,0.35,Seco,7.5458334,Ra
2k,1.0,-1.0,1.0,1.0,1350o,71.38,600.0,1.0,0.35,Jorro,7.3966667,Ra
2k,1.0,-1.0,1.0,1.0,1350o,71.38,600.0,1.0,0.35,MQF,7.9275,Ra
2k,-1.0,1.0,-1.0,1.0,6082t4,294.23,200.0,4.0,0.2,Jorro,1.9191667,Ra
2k,-1.0,1.0,-1.0,1.0,6082t4,294.23,200.0,4.0,0.2,MQF,1.9191667,Ra
2k,1.0,1.0,-1.0,-1.0,6082t4,294.23,600.0,4.0,0.2,Seco,1.9725,Ra
2k,1.0,1.0,-1.0,1.0,6082t4,294.23,600.0,4.0,0.2,Jorro,2.0066667,Ra
2k,1.0,1.0,-1.0,1.0,6082t4,294.23,600.0,4.0,0.2,MQF,2.0375,Ra
2k,-1.0,1.0,1.0,-1.0,6082t4,294.23,200.0,4.0,0.35,Seco,5.0225,Ra
2k,-1.0,1.0,1.0,1.0,6082t4,294.23,200.0,4.0,0.35,Jorro,5.0708334,Ra
2k,-1.0,1.0,1.0,1.0,6082t4,294.23,200.0,4.0,0.35,MQF,5.1208333,Ra
2k,1.0,1.0,1.0,-1.0,6082t4,294.23,600.0,4.0,0.35,Seco,5.1816667,Ra
2k,1.0,1.0,1.0,1.0,6082t4,294.23,600.0,4.0,0.35,Jorro,4.8366666,Ra
2k,1.0,1.0,1.0,1.0,6082t4,294.23,600.0,4.0,0.35,MQF,4.8108334,Ra
2k,-1.0,-1.0,-1.0,-1.0,6082t4,294.23,200.0,1.0,0.2,Seco,1.7191667,Ra
2k,-1.0,-1.0,-1.0,1.0,6082t4,294.23,200.0,1.0,0.2,Jorro,1.7083334,Ra
2k,-1.0,-1.0,-1.0,1.0,6082t4,294.23,200.0,1.0,0.2,MQF,1.7708334,Ra
2k,1.0,-1.0,-1.0,-1.0,6082t4,294.23,600.0,1.0,0.2,Seco,1.7016666,Ra
2k,1.0,-1.0,-1.0,1.0,6082t4,294.23,600.0,1.0,0.2,Jorro,1.7033333,Ra
2k,1.0,-1.0,-1.0,1.0,6082t4,294.23,600.0,1.0,0.2,MQF,1.715,Ra
2k,-1.0,-1.0,1.0,-1.0,6082t4,294.23,200.0,1.0,0.35,Seco,5.18,Ra
2k,-1.0,-1.0,1.0,1.0,6082t4,294.23,200.0,1.0,0.35,Jorro,5.1791667,Ra
2k,-1.0,-1.0,1.0,1.0,6082t4,294.23,200.0,1.0,0.35,MQF,5.2191667,Ra
2k,1.0,-1.0,1.0,-1.0,6082t4,294.23,600.0,1.0,0.35,Seco,5.2,Ra
2k,1.0,-1.0,1.0,1.0,6082t4,294.23,600.0,1.0,0.35,Jorro,5.2116666,Ra
2k,1.0,-1.0,1.0,1.0,6082t4,294.23,600.0,1.0,0.35,MQF,5.2,Ra
2k,-1.0,1.0,-1.0,1.0,6262t6,297.8,200.0,4.0,0.2,Jorro,3.4575,Ra
2k,-1.0,1.0,-1.0,1.0,6262t6,297.8,200.0,4.0,0.2,MQF,3.16,Ra
2k,1.0,1.0,-1.0,-1.0,6262t6,297.8,600.0,4.0,0.2,Seco,3.07,Ra
2k,1.0,1.0,-1.0,1.0,6262t6,297.8,600.0,4.0,0.2,Jorro,3.3191666,Ra
2k,1.0,1.0,-1.0,1.0,6262t6,297.8,600.0,4.0,0.2,MQF,3.2666666,Ra
2k,-1.0,1.0,1.0,-1.0,6262t6,297.8,200.0,4.0,0.35,Seco,6.5058333,Ra
2k,-1.0,1.0,1.0,1.0,6262t6,297.8,200.0,4.0,0.35,Jorro,8.0008334,Ra
2k,-1.0,1.0,1.0,1.0,6262t6,297.8,200.0,4.0,0.35,MQF,7.0633333,Ra
2k,1.0,1.0,1.0,-1.0,6262t6,297.8,600.0,4.0,0.35,Seco,6.6575,Ra
2k,1.0,1.0,1.0,1.0,6262t6,297.8,600.0,4.0,0.35,Jorro,7.855,Ra
2k,1.0,1.0,1.0,1.0,6262t6,297.8,600.0,4.0,0.35,MQF,6.935,Ra
2k,-1.0,-1.0,-1.0,-1.0,6262t6,297.8,200.0,1.0,0.2,Seco,1.6175,Ra
2k,-1.0,-1.0,-1.0,1.0,6262t6,297.8,200.0,1.0,0.2,Jorro,1.4933333,Ra
2k,-1.0,-1.0,-1.0,1.0,6262t6,297.8,200.0,1.0,0.2,MQF,1.4666667,Ra
2k,1.0,-1.0,-1.0,-1.0,6262t6,297.8,600.0,1.0,0.2,Seco,1.655,Ra
2k,1.0,-1.0,-1.0,1.0,6262t6,297.8,600.0,1.0,0.2,Jorro,1.6658334,Ra
2k,1.0,-1.0,-1.0,1.0,6262t6,297.8,600.0,1.0,0.2,MQF,1.64,Ra
2k,-1.0,-1.0,1.0,-1.0,6262t6,297.8,200.0,1.0,0.35,Seco,2.9983334,Ra
2k,-1.0,-1.0,1.0,1.0,6262t6,297.8,200.0,1.0,0.35,Jorro,3.0575,Ra
2k,-1.0,-1.0,1.0,1.0,6262t6,297.8,200.0,1.0,0.35,MQF,2.9983334,Ra
2k,1.0,-1.0,1.0,-1.0,6262t6,297.8,600.0,1.0,0.35,Seco,2.9633334,Ra
2k,1.0,-1.0,1.0,1.0,6262t6,297.8,600.0,1.0,0.35,Jorro,2.9333333,Ra
2k,1.0,-1.0,1.0,1.0,6262t6,297.8,600.0,1.0,0.35,MQF,2.9216666,Ra
2k,-1.0,1.0,-1.0,1.0,6351t6,335.53,200.0,4.0,0.2,Jorro,0.95083334,Ra
2k,-1.0,1.0,-1.0,1.0,6351t6,335.53,200.0,4.0,0.2,MQF,1.015,Ra
2k,1.0,1.0,-1.0,-1.0,6351t6,335.53,600.0,4.0,0.2,Seco,1.1525,Ra
2k,1.0,1.0,-1.0,1.0,6351t6,335.53,600.0,4.0,0.2,Jorro,0.94916667,Ra
2k,1.0,1.0,-1.0,1.0,6351t6,335.53,600.0,4.0,0.2,MQF,0.92416667,Ra
2k,-1.0,1.0,1.0,-1.0,6351t6,335.53,200.0,4.0,0.35,Seco,4.0516667,Ra
2k,-1.0,1.0,1.0,1.0,6351t6,335.53,200.0,4.0,0.35,Jorro,3.9733333,Ra
2k,-1.0,1.0,1.0,1.0,6351t6,335.53,200.0,4.0,0.35,MQF,4.365,Ra
2k,1.0,1.0,1.0,-1.0,6351t6,335.53,600.0,4.0,0.35,Seco,4.1966667,Ra
2k,1.0,1.0,1.0,1.0,6351t6,335.53,600.0,4.0,0.35,Jorro,4.3291667,Ra
2k,1.0,1.0,1.0,1.0,6351t6,335.53,600.0,4.0,0.35,MQF,4.3133333,Ra
2k,-1.0,-1.0,-1.0,-1.0,6351t6,335.53,200.0,1.0,0.2,Seco,1.5725,Ra
2k,-1.0,-1.0,-1.0,1.0,6351t6,335.53,200.0,1.0,0.2,Jorro,1.5375,Ra
2k,-1.0,-1.0,-1.0,1.0,6351t6,335.53,200.0,1.0,0.2,MQF,1.5508333,Ra
2k,1.0,-1.0,-1.0,-1.0,6351t6,335.53,600.0,1.0,0.2,Seco,1.5716667,Ra
2k,1.0,-1.0,-1.0,1.0,6351t6,335.53,600.0,1.0,0.2,Jorro,1.6066667,Ra
2k,1.0,-1.0,-1.0,1.0,6351t6,335.53,600.0,1.0,0.2,MQF,1.5933333,Ra
2k,-1.0,-1.0,1.0,-1.0,6351t6,335.53,200.0,1.0,0.35,Seco,4.095,Ra
2k,-1.0,-1.0,1.0,1.0,6351t6,335.53,200.0,1.0,0.35,Jorro,4.0883334,Ra
2k,-1.0,-1.0,1.0,1.0,6351t6,335.53,200.0,1.0,0.35,MQF,4.0758333,Ra
2k,1.0,-1.0,1.0,-1.0,6351t6,335.53,600.0,1.0,0.35,Seco,4.1,Ra
2k,1.0,-1.0,1.0,1.0,6351t6,335.53,600.0,1.0,0.35,Jorro,4.1108334,Ra
2k,1.0,-1.0,1.0,1.0,6351t6,335.53,600.0,1.0,0.35,MQF,4.0891667,Ra
2k,-1.0,1.0,-1.0,1.0,7075t6,571.47,200.0,4.0,0.2,Jorro,2.325,Ra
2k,-1.0,1.0,-1.0,1.0,7075t6,571.47,200.0,4.0,0.2,MQF,2.365,Ra
2k,1.0,1.0,-1.0,-1.0,7075t6,571.47,600.0,4.0,0.2,Seco,2.685,Ra
2k,1.0,1.0,-1.0,1.0,7075t6,571.47,600.0,4.0,0.2,Jorro,2.4516666,Ra
2k,1.0,1.0,-1.0,1.0,7075t6,571.47,600.0,4.0,0.2,MQF,2.5216667,Ra
2k,-1.0,1.0,1.0,-1.0,7075t6,571.47,200.0,4.0,0.35,Seco,10.1175,Ra
2k,-1.0,1.0,1.0,1.0,7075t6,571.47,200.0,4.0,0.35,Jorro,9.8941665,Ra
2k,-1.0,1.0,1.0,1.0,7075t6,571.47,200.0,4.0,0.35,MQF,9.9675,Ra
2k,1.0,1.0,1.0,-1.0,7075t6,571.47,600.0,4.0,0.35,Seco,9.9025,Ra
2k,1.0,1.0,1.0,1.0,7075t6,571.47,600.0,4.0,0.35,Jorro,9.9383335,Ra
2k,1.0,1.0,1.0,1.0,7075t6,571.47,600.0,4.0,0.35,MQF,9.9275,Ra
2k,-1.0,-1.0,-1.0,-1.0,7075t6,571.47,200.0,1.0,0.2,Seco,1.8691666,Ra
2k,-1.0,-1.0,-1.0,1.0,7075t6,571.47,200.0,1.0,0.2,Jorro,1.8158334,Ra
2k,-1.0,-1.0,-1.0,1.0,7075t6,571.47,200.0,1.0,0.2,MQF,1.8133334,Ra
2k,1.0,-1.0,-1.0,-1.0,7075t6,571.47,600.0,1.0,0.2,Seco,2.0241667,Ra
2k,1.0,-1.0,-1.0,1.0,7075t6,571.47,600.0,1.0,0.2,Jorro,2.0283334,Ra
2k,1.0,-1.0,-1.0,1.0,7075t6,571.47,600.0,1.0,0.2,MQF,2.0225,Ra
2k,-1.0,-1.0,1.0,-1.0,7075t6,571.47,200.0,1.0,0.35,Seco,4.0708334,Ra
2k,-1.0,-1.0,1.0,1.0,7075t6,571.47,200.0,1.0,0.35,Jorro,4.0408333,Ra
2k,-1.0,-1.0,1.0,1.0,7075t6,571.47,200.0,1.0,0.35,MQF,4.03,Ra
2k,1.0,-1.0,1.0,-1.0,7075t6,571.47,600.0,1.0,0.35,Seco,4.2066666,Ra
2k,1.0,-1.0,1.0,1.0,7075t6,571.47,600.0,1.0,0.35,Jorro,4.0975,Ra
2k,1.0,-1.0,1.0,1.0,7075t6,571.47,600.0,1.0,0.35,MQF,4.03,Ra
2k,-1.0,1.0,-1.0,1.0,7075t73,502.35,200.0,4.0,0.2,Jorro,0.96333335,Ra
2k,-1.0,1.0,-1.0,1.0,7075t73,502.35,200.0,4.0,0.2,MQF,1.0366666,Ra
2k,1.0,1.0,-1.0,-1.0,7075t73,502.35,600.0,4.0,0.2,Seco,1.4475,Ra
2k,1.0,1.0,-1.0,1.0,7075t73,502.35,600.0,4.0,0.2,Jorro,1.2375,Ra
2k,1.0,1.0,-1.0,1.0,7075t73,502.35,600.0,4.0,0.2,MQF,1.3375,Ra
2k,-1.0,1.0,1.0,-1.0,7075t73,502.35,200.0,4.0,0.35,Seco,3.2808334,Ra
2k,-1.0,1.0,1.0,1.0,7075t73,502.35,200.0,4.0,0.35,Jorro,3.2491667,Ra
2k,-1.0,1.0,1.0,1.0,7075t73,502.35,200.0,4.0,0.35,MQF,3.2616667,Ra
2k,1.0,1.0,1.0,-1.0,7075t73,502.35,600.0,4.0,0.35,Seco,3.6208333,Ra
2k,1.0,1.0,1.0,1.0,7075t73,502.35,600.0,4.0,0.35,Jorro,3.5383334,Ra
2k,1.0,1.0,1.0,1.0,7075t73,502.35,600.0,4.0,0.35,MQF,3.4941666,Ra
2k,-1.0,-1.0,-1.0,-1.0,7075t73,502.35,200.0,1.0,0.2,Seco,1.8608334,Ra
2k,-1.0,-1.0,-1.0,1.0,7075t73,502.35,200.0,1.0,0.2,Jorro,1.9825,Ra
2k,-1.0,-1.0,-1.0,1.0,7075t73,502.35,200.0,1.0,0.2,MQF,1.8416667,Ra
2k,1.0,-1.0,-1.0,-1.0,7075t73,502.35,600.0,1.0,0.2,Seco,1.9758333,Ra
2k,1.0,-1.0,-1.0,1.0,7075t73,502.35,600.0,1.0,0.2,Jorro,1.9066667,Ra
2k,1.0,-1.0,-1.0,1.0,7075t73,502.35,600.0,1.0,0.2,MQF,1.945,Ra
2k,-1.0,-1.0,1.0,-1.0,7075t73,502.35,200.0,1.0,0.35,Seco,4.1583333,Ra
2k,-1.0,-1.0,1.0,1.0,7075t73,502.35,200.0,1.0,0.35,Jorro,4.26,Ra
2k,-1.0,-1.0,1.0,1.0,7075t73,502.35,200.0,1.0,0.35,MQF,4.1966667,Ra
2k,1.0,-1.0,1.0,-1.0,7075t73,502.35,600.0,1.0,0.35,Seco,4.0041667,Ra
2k,1.0,-1.0,1.0,1.0,7075t73,502.35,600.0,1.0,0.35,Jorro,4.0266666,Ra
2k,1.0,-1.0,1.0,1.0,7075t73,502.35,600.0,1.0,0.35,MQF,4.0433334,Ra
2k,-1.0,1.0,-1.0,1.0,1350o,71.38,200.0,4.0,0.2,Jorro,6.19,Rq
2k,-1.0,1.0,-1.0,1.0,1350o,71.38,200.0,4.0,0.2,MQF,6.2291666,Rq
2k,1.0,1.0,-1.0,-1.0,1350o,71.38,600.0,4.0,0.2,Seco,5.4708333,Rq
2k,1.0,1.0,-1.0,1.0,1350o,71.38,600.0,4.0,0.2,Jorro,5.0075,Rq
2k,1.0,1.0,-1.0,1.0,1350o,71.38,600.0,4.0,0.2,MQF,5.2258334,Rq
2k,-1.0,1.0,1.0,-1.0,1350o,71.38,200.0,4.0,0.35,Seco,13.344167,Rq
2k,-1.0,1.0,1.0,1.0,1350o,71.38,200.0,4.0,0.35,Jorro,13.256667,Rq
2k,-1.0,1.0,1.0,1.0,1350o,71.38,200.0,4.0,0.35,MQF,13.75,Rq
2k,1.0,1.0,1.0,-1.0,1350o,71.38,600.0,4.0,0.35,Seco,12.210834,Rq
2k,1.0,1.0,1.0,1.0,1350o,71.38,600.0,4.0,0.35,Jorro,11.966667,Rq
2k,1.0,1.0,1.0,1.0,1350o,71.38,600.0,4.0,0.35,MQF,10.540834,Rq
2k,-1.0,-1.0,-1.0,-1.0,1350o,71.38,200.0,1.0,0.2,Seco,4.4233334,Rq
2k,-1.0,-1.0,-1.0,1.0,1350o,71.38,200.0,1.0,0.2,Jorro,3.8375,Rq
2k,-1.0,-1.0,-1.0,1.0,1350o,71.38,200.0,1.0,0.2,MQF,4.0425,Rq
2k,1.0,-1.0,-1.0,-1.0,1350o,71.38,600.0,1.0,0.2,Seco,4.5525,Rq
2k,1.0,-1.0,-1.0,1.0,1350o,71.38,600.0,1.0,0.2,Jorro,3.8991666,Rq
2k,1.0,-1.0,-1.0,1.0,1350o,71.38,600.0,1.0,0.2,MQF,4.025,Rq
2k,-1.0,-1.0,1.0,-1.0,1350o,71.38,200.0,1.0,0.35,Seco,10.073334,Rq
2k,-1.0,-1.0,1.0,1.0,1350o,71.38,200.0,1.0,0.35,Jorro,9.155,Rq
2k,-1.0,-1.0,1.0,1.0,1350o,71.38,200.0,1.0,0.35,MQF,9.7775,Rq
2k,1.0,-1.0,1.0,-1.0,1350o,71.38,600.0,1.0,0.35,Seco,9.0,Rq
2k,1.0,-1.0,1.0,1.0,1350o,71.38,600.0,1.0,0.35,Jorro,8.7675,Rq
2k,1.0,-1.0,1.0,1.0,1350o,71.38,600.0,1.0,0.35,MQF,9.4766665,Rq
2k,-1.0,1.0,-1.0,1.0,6082t4,294.23,200.0,4.0,0.2,Jorro,2.2533334,Rq
2k,-1.0,1.0,-1.0,1.0,6082t4,294.23,200.0,4.0,0.2,MQF,2.2808334,Rq
2k,1.0,1.0,-1.0,-1.0,6082t4,294.23,600.0,4.0,0.2,Seco,2.3033333,Rq
2k,1.0,1.0,-1.0,1.0,6082t4,294.23,600.0,4.0,0.2,Jorro,2.3433334,Rq
2k,1.0,1.0,-1.0,1.0,6082t4,294.23,600.0,4.0,0.2,MQF,2.3958334,Rq
2k,-1.0,1.0,1.0,-1.0,6082t4,294.23,200.0,4.0,0.35,Seco,5.9758334,Rq
2k,-1.0,1.0,1.0,1.0,6082t4,294.23,200.0,4.0,0.35,Jorro,6.0116667,Rq
2k,-1.0,1.0,1.0,1.0,6082t4,294.23,200.0,4.0,0.35,MQF,6.065,Rq
2k,1.0,1.0,1.0,-1.0,6082t4,294.23,600.0,4.0,0.35,Seco,6.175,Rq
2k,1.0,1.0,1.0,1.0,6082t4,294.23,600.0,4.0,0.35,Jorro,5.7216666,Rq
2k,1.0,1.0,1.0,1.0,6082t4,294.23,600.0,4.0,0.35,MQF,5.6933333,Rq
2k,-1.0,-1.0,-1.0,-1.0,6082t4,294.23,200.0,1.0,0.2,Seco,2.0075,Rq
2k,-1.0,-1.0,-1.0,1.0,6082t4,294.23,200.0,1.0,0.2,Jorro,1.9858334,Rq
2k,-1.0,-1.0,-1.0,1.0,6082t4,294.23,200.0,1.0,0.2,MQF,2.0608333,Rq
2k,1.0,-1.0,-1.0,-1.0,6082t4,294.23,600.0,1.0,0.2,Seco,1.9891667,Rq
2k,1.0,-1.0,-1.0,1.0,6082t4,294.23,600.0,1.0,0.2,Jorro,1.9833333,Rq
2k,1.0,-1.0,-1.0,1.0,6082t4,294.23,600.0,1.0,0.2,MQF,1.9925,Rq
2k,-1.0,-1.0,1.0,-1.0,6082t4,294.23,200.0,1.0,0.35,Seco,6.0425,Rq
2k,-1.0,-1.0,1.0,1.0,6082t4,294.23,200.0,1.0,0.35,Jorro,6.035,Rq
2k,-1.0,-1.0,1.0,1.0,6082t4,294.23,200.0,1.0,0.35,MQF,6.0825,Rq
2k,1.0,-1.0,1.0,-1.0,6082t4,294.23,600.0,1.0,0.35,Seco,6.0591666,Rq
2k,1.0,-1.0,1.0,1.0,6082t4,294.23,600.0,1.0,0.35,Jorro,6.0566667,Rq
2k,1.0,-1.0,1.0,1.0,6082t4,294.23,600.0,1.0,0.35,MQF,6.0525,Rq
2k,-1.0,1.0,-1.0,1.0,6262t6,297.8,200.0,4.0,0.2,Jorro,4.0725,Rq
2k,-1.0,1.0,-1.0,1.0,6262t6,297.8,200.0,4.0,0.2,MQF,3.8083333,Rq
2k,1.0,1.0,-1.0,-1.0,6262t6,297.8,600.0,4.0,0.2,Seco,3.7441666,Rq
2k,1.0,1.0,-1.0,1.0,6262t6,297.8,600.0,4.0,0.2,Jorro,3.99,Rq
2k,1.0,1.0,-1.0,1.0,6262t6,297.8,600.0,4.0,0.2,MQF,3.9208333,Rq
2k,-1.0,1.0,1.0,-1.0,6262t6,297.8,200.0,4.0,0.35,Seco,7.9116666,Rq
2k,-1.0,1.0,1.0,1.0,6262t6,297.8,200.0,4.0,0.35,Jorro,10.0025,Rq
2k,-1.0,1.0,1.0,1.0,6262t6,297.8,200.0,4.0,0.35,MQF,8.6733334,Rq
2k,1.0,1.0,1.0,-1.0,6262t6,297.8,600.0,4.0,0.35,Seco,7.9241667,Rq
2k,1.0,1.0,1.0,1.0,6262t6,297.8,600.0,4.0,0.35,Jorro,9.88,Rq
2k,1.0,1.0,1.0,1.0,6262t6,297.8,600.0,4.0,0.35,MQF,8.46,Rq
2k,-1.0,-1.0,-1.0,-1.0,6262t6,297.8,200.0,1.0,0.2,Seco,2.0666667,Rq
2k,-1.0,-1.0,-1.0,1.0,6262t6,297.8,200.0,1.0,0.2,Jorro,1.8641667,Rq
2k,-1.0,-1.0,-1.0,1.0,6262t6,297.8,200.0,1.0,0.2,MQF,1.8383334,Rq
2k,1.0,-1.0,-1.0,-1.0,6262t6,297.8,600.0,1.0,0.2,Seco,2.0766666,Rq
2k,1.0,-1.0,-1.0,1.0,6262t6,297.8,600.0,1.0,0.2,Jorro,2.0783334,Rq
2k,1.0,-1.0,-1.0,1.0,6262t6,297.8,600.0,1.0,0.2,MQF,2.0558333,Rq
2k,-1.0,-1.0,1.0,-1.0,6262t6,297.8,200.0,1.0,0.35,Seco,3.8075,Rq
2k,-1.0,-1.0,1.0,1.0,6262t6,297.8,200.0,1.0,0.35,Jorro,3.8533333,Rq
2k,-1.0,-1.0,1.0,1.0,6262t6,297.8,200.0,1.0,0.35,MQF,3.7866666,Rq
2k,1.0,-1.0,1.0,-1.0,6262t6,297.8,600.0,1.0,0.35,Seco,3.7608334,Rq
2k,1.0,-1.0,1.0,1.0,6262t6,297.8,600.0,1.0,0.35,Jorro,3.7291666,Rq
2k,1.0,-1.0,1.0,1.0,6262t6,297.8,600.0,1.0,0.35,MQF,3.71,Rq
2k,-1.0,1.0,-1.0,1.0,6351t6,335.53,200.0,4.0,0.2,Jorro,1.17,Rq
2k,-1.0,1.0,-1.0,1.0,6351t6,335.53,200.0,4.0,0.2,MQF,1.2508334,Rq
2k,1.0,1.0,-1.0,-1.0,6351t6,335.53,600.0,4.0,0.2,Seco,1.4566666,Rq
2k,1.0,1.0,-1.0,1.0,6351t6,335.53,600.0,4.0,0.2,Jorro,1.1658334,Rq
2k,1.0,1.0,-1.0,1.0,6351t6,335.53,600.0,4.0,0.2,MQF,1.1391666,Rq
2k,-1.0,1.0,1.0,-1.0,6351t6,335.53,200.0,4.0,0.35,Seco,4.8516667,Rq
2k,-1.0,1.0,1.0,1.0,6351t6,335.53,200.0,4.0,0.35,Jorro,4.7116666,Rq
2k,-1.0,1.0,1.0,1.0,6351t6,335.53,200.0,4.0,0.35,MQF,5.3125,Rq
2k,1.0,1.0,1.0,-1.0,6351t6,335.53,600.0,4.0,0.35,Seco,5.06,Rq
2k,1.0,1.0,1.0,1.0,6351t6,335.53,600.0,4.0,0.35,Jorro,5.175,Rq
2k,1.0,1.0,1.0,1.0,6351t6,335.53,600.0,4.0,0.35,MQF,5.1966667,Rq
2k,-1.0,-1.0,-1.0,-1.0,6351t6,335.53,200.0,1.0,0.2,Seco,2.0008333,Rq
2k,-1.0,-1.0,-1.0,1.0,6351t6,335.53,200.0,1.0,0.2,Jorro,1.9616667,Rq
2k,-1.0,-1.0,-1.0,1.0,6351t6,335.53,200.0,1.0,0.2,MQF,1.9766666,Rq
2k,1.0,-1.0,-1.0,-1.0,6351t6,335.53,600.0,1.0,0.2,Seco,2.0291667,Rq
2k,1.0,-1.0,-1.0,1.0,6351t6,335.53,600.0,1.0,0.2,Jorro,2.0575,Rq
2k,1.0,-1.0,-1.0,1.0,6351t6,335.53,600.0,1.0,0.2,MQF,2.0658334,Rq
2k,-1.0,-1.0,1.0,-1.0,6351t6,335.53,200.0,1.0,0.35,Seco,5.0366666,Rq
2k,-1.0,-1.0,1.0,1.0,6351t6,335.53,200.0,1.0,0.35,Jorro,5.035,Rq
2k,-1.0,-1.0,1.0,1.0,6351t6,335.53,200.0,1.0,0.35,MQF,5.0075,Rq
2k,1.0,-1.0,1.0,-1.0,6351t6,335.53,600.0,1.0,0.35,Seco,5.0425,Rq
2k,1.0,-1.0,1.0,1.0,6351t6,335.53,600.0,1.0,0.35,Jorro,5.0491667,Rq
2k,1.0,-1.0,1.0,1.0,6351t6,335.53,600.0,1.0,0.35,MQF,5.02,Rq
2k,-1.0,1.0,-1.0,1.0,7075t6,571.47,200.0,4.0,0.2,Jorro,2.8041667,Rq
2k,-1.0,1.0,-1.0,1.0,7075t6,571.47,200.0,4.0,0.2,MQF,2.7983334,Rq
2k,1.0,1.0,-1.0,-1.0,7075t6,571.47,600.0,4.0,0.2,Seco,3.0975,Rq
2k,1.0,1.0,-1.0,1.0,7075t6,571.47,600.0,4.0,0.2,Jorro,2.8158334,Rq
2k,1.0,1.0,-1.0,1.0,7075t6,571.47,600.0,4.0,0.2,MQF,2.9266667,Rq
2k,-1.0,1.0,1.0,-1.0,7075t6,571.47,200.0,4.0,0.35,Seco,11.611667,Rq
2k,-1.0,1.0,1.0,1.0,7075t6,571.47,200.0,4.0,0.35,Jorro,11.354167,Rq
2k,-1.0,1.0,1.0,1.0,7075t6,571.47,200.0,4.0,0.35,MQF,11.431667,Rq
2k,1.0,1.0,1.0,-1.0,7075t6,571.47,600.0,4.0,0.35,Seco,11.421667,Rq
2k,1.0,1.0,1.0,1.0,7075t6,571.47,600.0,4.0,0.35,Jorro,11.449167,Rq
2k,1.0,1.0,1.0,1.0,7075t6,571.47,600.0,4.0,0.35,MQF,11.463333,Rq
2k,-1.0,-1.0,-1.0,-1.0,7075t6,571.47,200.0,1.0,0.2,Seco,2.29,Rq
2k,-1.0,-1.0,-1.0,1.0,7075t6,571.47,200.0,1.0,0.2,Jorro,2.2266666,Rq
2k,-1.0,-1.0,-1.0,1.0,7075t6,571.47,200.0,1.0,0.2,MQF,2.23,Rq
2k,1.0,-1.0,-1.0,-1.0,7075t6,571.47,600.0,1.0,0.2,Seco,2.4783333,Rq
2k,1.0,-1.0,-1.0,1.0,7075t6,571.47,600.0,1.0,0.2,Jorro,2.4808334,Rq
2k,1.0,-1.0,-1.0,1.0,7075t6,571.47,600.0,1.0,0.2,MQF,2.4725,Rq
2k,-1.0,-1.0,1.0,-1.0,7075t6,571.47,200.0,1.0,0.35,Seco,4.9725,Rq
2k,-1.0,-1.0,1.0,1.0,7075t6,571.47,200.0,1.0,0.35,Jorro,4.9591667,Rq
2k,-1.0,-1.0,1.0,1.0,7075t6,571.47,200.0,1.0,0.35,MQF,4.9266666,Rq
2k,1.0,-1.0,1.0,-1.0,7075t6,571.47,600.0,1.0,0.35,Seco,5.1558334,Rq
2k,1.0,-1.0,1.0,1.0,7075t6,571.47,600.0,1.0,0.35,Jorro,5.0233333,Rq
2k,1.0,-1.0,1.0,1.0,7075t6,571.47,600.0,1.0,0.35,MQF,4.9141667,Rq
2k,-1.0,1.0,-1.0,1.0,7075t73,502.35,200.0,4.0,0.2,Jorro,1.8991667,Rq
2k,-1.0,1.0,-1.0,1.0,7075t73,502.35,200.0,4.0,0.2,MQF,1.27,Rq
2k,1.0,1.0,-1.0,-1.0,7075t73,502.35,600.0,4.0,0.2,Seco,1.7075,Rq
2k,1.0,1.0,-1.0,1.0,7075t73,502.35,600.0,4.0,0.2,Jorro,1.4683334,Rq
2k,1.0,1.0,-1.0,1.0,7075t73,502.35,600.0,4.0,0.2,MQF,1.5591666,Rq
2k,-1.0,1.0,1.0,-1.0,7075t73,502.35,200.0,4.0,0.35,Seco,3.965,Rq
2k,-1.0,1.0,1.0,1.0,7075t73,502.35,200.0,4.0,0.35,Jorro,3.885,Rq
2k,-1.0,1.0,1.0,1.0,7075t73,502.35,200.0,4.0,0.35,MQF,3.9208333,Rq
2k,1.0,1.0,1.0,-1.0,7075t73,502.35,600.0,4.0,0.35,Seco,4.2741666,Rq
2k,1.0,1.0,1.0,1.0,7075t73,502.35,600.0,4.0,0.35,Jorro,4.2566666,Rq
2k,1.0,1.0,1.0,1.0,7075t73,502.35,600.0,4.0,0.35,MQF,4.2241666,Rq
2k,-1.0,-1.0,-1.0,-1.0,7075t73,502.35,200.0,1.0,0.2,Seco,2.2858333,Rq
2k,-1.0,-1.0,-1.0,1.0,7075t73,502.35,200.0,1.0,0.2,Jorro,2.4225,Rq
2k,-1.0,-1.0,-1.0,1.0,7075t73,502.35,200.0,1.0,0.2,MQF,2.27,Rq
2k,1.0,-1.0,-1.0,-1.0,7075t73,502.35,600.0,1.0,0.2,Seco,2.4483334,Rq
2k,1.0,-1.0,-1.0,1.0,7075t73,502.35,600.0,1.0,0.2,Jorro,2.3625,Rq
2k,1.0,-1.0,-1.0,1.0,7075t73,502.35,600.0,1.0,0.2,MQF,2.3991667,Rq
2k,-1.0,-1.0,1.0,-1.0,7075t73,502.35,200.0,1.0,0.35,Seco,5.0183334,Rq
2k,-1.0,-1.0,1.0,1.0,7075t73,502.35,200.0,1.0,0.35,Jorro,5.1366667,Rq
2k,-1.0,-1.0,1.0,1.0,7075t73,502.35,200.0,1.0,0.35,MQF,5.0716667,Rq
2k,1.0,-1.0,1.0,-1.0,7075t73,502.35,600.0,1.0,0.35,Seco,4.9333333,Rq
2k,1.0,-1.0,1.0,1.0,7075t73,502.35,600.0,1.0,0.35,Jorro,4.9441666,Rq
2k,1.0,-1.0,1.0,1.0,7075t73,502.35,600.0,1.0,0.35,MQF,4.9608333,Rq
2k,-1.0,1.0,-1.0,1.0,1350o,71.38,200.0,4.0,0.2,Jorro,23.7625,Rz
2k,-1.0,1.0,-1.0,1.0,1350o,71.38,200.0,4.0,0.2,MQF,23.4075,Rz
2k,1.0,1.0,-1.0,-1.0,1350o,71.38,600.0,4.0,0.2,Seco,22.5,Rz
2k,1.0,1.0,-1.0,1.0,1350o,71.38,600.0,4.0,0.2,Jorro,20.874167,Rz
2k,1.0,1.0,-1.0,1.0,1350o,71.38,600.0,4.0,0.2,MQF,20.69,Rz
2k,-1.0,1.0,1.0,-1.0,1350o,71.38,200.0,4.0,0.35,Seco,47.346666,Rz
2k,-1.0,1.0,1.0,1.0,1350o,71.38,200.0,4.0,0.35,Jorro,48.248334,Rz
2k,-1.0,1.0,1.0,1.0,1350o,71.38,200.0,4.0,0.35,MQF,49.7375,Rz
2k,1.0,1.0,1.0,-1.0,1350o,71.38,600.0,4.0,0.35,Seco,43.5575,Rz
2k,1.0,1.0,1.0,1.0,1350o,71.38,600.0,4.0,0.35,Jorro,43.173333,Rz
2k,1.0,1.0,1.0,1.0,1350o,71.38,600.0,4.0,0.35,MQF,41.034166,Rz
2k,-1.0,-1.0,-1.0,-1.0,1350o,71.38,200.0,1.0,0.2,Seco,17.31,Rz
2k,-1.0,-1.0,-1.0,1.0,1350o,71.38,200.0,1.0,0.2,Jorro,14.4625,Rz
2k,-1.0,-1.0,-1.0,1.0,1350o,71.38,200.0,1.0,0.2,MQF,15.320833,Rz
2k,1.0,-1.0,-1.0,-1.0,1350o,71.38,600.0,1.0,0.2,Seco,19.910833,Rz
2k,1.0,-1.0,-1.0,1.0,1350o,71.38,600.0,1.0,0.2,Jorro,15.594167,Rz
2k,1.0,-1.0,-1.0,1.0,1350o,71.38,600.0,1.0,0.2,MQF,16.404167,Rz
2k,-1.0,-1.0,1.0,-1.0,1350o,71.38,200.0,1.0,0.35,Seco,37.970833,Rz
2k,-1.0,-1.0,1.0,1.0,1350o,71.38,200.0,1.0,0.35,Jorro,35.9975,Rz
2k,-1.0,-1.0,1.0,1.0,1350o,71.38,200.0,1.0,0.35,MQF,38.634166,Rz
2k,1.0,-1.0,1.0,-1.0,1350o,71.38,600.0,1.0,0.35,Seco,32.601667,Rz
2k,1.0,-1.0,1.0,1.0,1350o,71.38,600.0,1.0,0.35,Jorro,31.973334,Rz
2k,1.0,-1.0,1.0,1.0,1350o,71.38,600.0,1.0,0.35,MQF,35.586667,Rz
2k,-1.0,1.0,-1.0,1.0,6082t4,294.23,200.0,4.0,0.2,Jorro,8.1683334,Rz
2k,-1.0,1.0,-1.0,1.0,6082t4,294.23,200.0,4.0,0.2,MQF,8.7983334,Rz
2k,1.0,1.0,-1.0,-1.0,6082t4,294.23,600.0,4.0,0.2,Seco,8.9841665,Rz
2k,1.0,1.0,-1.0,1.0,6082t4,294.23,600.0,4.0,0.2,Jorro,8.9158333,Rz
2k,1.0,1.0,-1.0,1.0,6082t4,294.23,600.0,4.0,0.2,MQF,9.2008335,Rz
2k,-1.0,1.0,1.0,-1.0,6082t4,294.23,200.0,4.0,0.35,Seco,22.846666,Rz
2k,-1.0,1.0,1.0,1.0,6082t4,294.23,200.0,4.0,0.35,Jorro,22.735,Rz
2k,-1.0,1.0,1.0,1.0,6082t4,294.23,200.0,4.0,0.35,MQF,23.2525,Rz
2k,1.0,1.0,1.0,-1.0,6082t4,294.23,600.0,4.0,0.35,Seco,23.850834,Rz
2k,1.0,1.0,1.0,1.0,6082t4,294.23,600.0,4.0,0.35,Jorro,22.276667,Rz
2k,1.0,1.0,1.0,1.0,6082t4,294.23,600.0,4.0,0.35,MQF,22.116667,Rz
2k,-1.0,-1.0,-1.0,-1.0,6082t4,294.23,200.0,1.0,0.2,Seco,7.2991667,Rz
2k,-1.0,-1.0,-1.0,1.0,6082t4,294.23,200.0,1.0,0.2,Jorro,7.0475,Rz
2k,-1.0,-1.0,-1.0,1.0,6082t4,294.23,200.0,1.0,0.2,MQF,7.4541666,Rz
2k,1.0,-1.0,-1.0,-1.0,6082t4,294.23,600.0,1.0,0.2,Seco,7.3091666,Rz
2k,1.0,-1.0,-1.0,1.0,6082t4,294.23,600.0,1.0,0.2,Jorro,7.19,Rz
2k,1.0,-1.0,-1.0,1.0,6082t4,294.23,600.0,1.0,0.2,MQF,7.0175,Rz
2k,-1.0,-1.0,1.0,-1.0,6082t4,294.23,200.0,1.0,0.35,Seco,21.245,Rz
2k,-1.0,-1.0,1.0,1.0,6082t4,294.23,200.0,1.0,0.35,Jorro,21.0175,Rz
2k,-1.0,-1.0,1.0,1.0,6082t4,294.23,200.0,1.0,0.35,MQF,21.029166,Rz
2k,1.0,-1.0,1.0,-1.0,6082t4,294.23,600.0,1.0,0.35,Seco,20.896667,Rz
2k,1.0,-1.0,1.0,1.0,6082t4,294.23,600.0,1.0,0.35,Jorro,20.791666,Rz
2k,1.0,-1.0,1.0,1.0,6082t4,294.23,600.0,1.0,0.35,MQF,20.721667,Rz
2k,-1.0,1.0,-1.0,1.0,6262t6,297.8,200.0,4.0,0.2,Jorro,15.146667,Rz
2k,-1.0,1.0,-1.0,1.0,6262t6,297.8,200.0,4.0,0.2,MQF,13.876667,Rz
2k,1.0,1.0,-1.0,-1.0,6262t6,297.8,600.0,4.0,0.2,Seco,14.484167,Rz
2k,1.0,1.0,-1.0,1.0,6262t6,297.8,600.0,4.0,0.2,Jorro,15.140833,Rz
2k,1.0,1.0,-1.0,1.0,6262t6,297.8,600.0,4.0,0.2,MQF,14.484167,Rz
2k,-1.0,1.0,1.0,-1.0,6262t6,297.8,200.0,4.0,0.35,Seco,35.718334,Rz
2k,-1.0,1.0,1.0,1.0,6262t6,297.8,200.0,4.0,0.35,Jorro,44.675,Rz
2k,-1.0,1.0,1.0,1.0,6262t6,297.8,200.0,4.0,0.35,MQF,37.790833,Rz
2k,1.0,1.0,1.0,-1.0,6262t6,297.8,600.0,4.0,0.35,Seco,32.21,Rz
2k,1.0,1.0,1.0,1.0,6262t6,297.8,600.0,4.0,0.35,Jorro,42.971666,Rz
2k,1.0,1.0,1.0,1.0,6262t6,297.8,600.0,4.0,0.35,MQF,37.385,Rz
2k,-1.0,-1.0,-1.0,-1.0,6262t6,297.8,200.0,1.0,0.2,Seco,8.9241667,Rz
2k,-1.0,-1.0,-1.0,1.0,6262t6,297.8,200.0,1.0,0.2,Jorro,7.7566666,Rz
2k,-1.0,-1.0,-1.0,1.0,6262t6,297.8,200.0,1.0,0.2,MQF,7.7783334,Rz
2k,1.0,-1.0,-1.0,-1.0,6262t6,297.8,600.0,1.0,0.2,Seco,8.4433333,Rz
2k,1.0,-1.0,-1.0,1.0,6262t6,297.8,600.0,1.0,0.2,Jorro,8.5375,Rz
2k,1.0,-1.0,-1.0,1.0,6262t6,297.8,600.0,1.0,0.2,MQF,8.3783334,Rz
2k,-1.0,-1.0,1.0,-1.0,6262t6,297.8,200.0,1.0,0.35,Seco,17.124167,Rz
2k,-1.0,-1.0,1.0,1.0,6262t6,297.8,200.0,1.0,0.35,Jorro,16.854166,Rz
2k,-1.0,-1.0,1.0,1.0,6262t6,297.8,200.0,1.0,0.35,MQF,16.776666,Rz
2k,1.0,-1.0,1.0,-1.0,6262t6,297.8,600.0,1.0,0.35,Seco,16.678334,Rz
2k,1.0,-1.0,1.0,1.0,6262t6,297.8,600.0,1.0,0.35,Jorro,16.175,Rz
2k,1.0,-1.0,1.0,1.0,6262t6,297.8,600.0,1.0,0.35,MQF,16.723333,Rz
2k,-1.0,1.0,-1.0,1.0,6351t6,335.53,200.0,4.0,0.2,Jorro,5.0275,Rz
2k,-1.0,1.0,-1.0,1.0,6351t6,335.53,200.0,4.0,0.2,MQF,5.4808333,Rz
2k,1.0,1.0,-1.0,-1.0,6351t6,335.53,600.0,4.0,0.2,Seco,6.4325,Rz
2k,1.0,1.0,-1.0,1.0,6351t6,335.53,600.0,4.0,0.2,Jorro,4.9858334,Rz
2k,1.0,1.0,-1.0,1.0,6351t6,335.53,600.0,4.0,0.2,MQF,4.8875,Rz
2k,-1.0,1.0,1.0,-1.0,6351t6,335.53,200.0,4.0,0.35,Seco,18.62,Rz
2k,-1.0,1.0,1.0,1.0,6351t6,335.53,200.0,4.0,0.35,Jorro,17.6525,Rz
2k,-1.0,1.0,1.0,1.0,6351t6,335.53,200.0,4.0,0.35,MQF,20.758333,Rz
2k,1.0,1.0,1.0,-1.0,6351t6,335.53,600.0,4.0,0.35,Seco,20.651667,Rz
2k,1.0,1.0,1.0,1.0,6351t6,335.53,600.0,4.0,0.35,Jorro,20.141666,Rz
2k,1.0,1.0,1.0,1.0,6351t6,335.53,600.0,4.0,0.35,MQF,20.7275,Rz
2k,-1.0,-1.0,-1.0,-1.0,6351t6,335.53,200.0,1.0,0.2,Seco,8.1483333,Rz
2k,-1.0,-1.0,-1.0,1.0,6351t6,335.53,200.0,1.0,0.2,Jorro,8.0083334,Rz
2k,-1.0,-1.0,-1.0,1.0,6351t6,335.53,200.0,1.0,0.2,MQF,8.0808334,Rz
2k,1.0,-1.0,-1.0,-1.0,6351t6,335.53,600.0,1.0,0.2,Seco,8.5133333,Rz
2k,1.0,-1.0,-1.0,1.0,6351t6,335.53,600.0,1.0,0.2,Jorro,8.5308334,Rz
2k,1.0,-1.0,-1.0,1.0,6351t6,335.53,600.0,1.0,0.2,MQF,8.9075,Rz
2k,-1.0,-1.0,1.0,-1.0,6351t6,335.53,200.0,1.0,0.35,Seco,20.473334,Rz
2k,-1.0,-1.0,1.0,1.0,6351t6,335.53,200.0,1.0,0.35,Jorro,20.499167,Rz
2k,-1.0,-1.0,1.0,1.0,6351t6,335.53,200.0,1.0,0.35,MQF,20.479166,Rz
2k,1.0,-1.0,1.0,-1.0,6351t6,335.53,600.0,1.0,0.35,Seco,20.738334,Rz
2k,1.0,-1.0,1.0,1.0,6351t6,335.53,600.0,1.0,0.35,Jorro,20.535833,Rz
2k,1.0,-1.0,1.0,1.0,6351t6,335.53,600.0,1.0,0.35,MQF,20.491667,Rz
2k,-1.0,1.0,-1.0,1.0,7075t6,571.47,200.0,4.0,0.2,Jorro,10.905834,Rz
2k,-1.0,1.0,-1.0,1.0,7075t6,571.47,200.0,4.0,0.2,MQF,10.941667,Rz
2k,1.0,1.0,-1.0,-1.0,7075t6,571.47,600.0,4.0,0.2,Seco,11.536666,Rz
2k,1.0,1.0,-1.0,1.0,7075t6,571.47,600.0,4.0,0.2,Jorro,10.235834,Rz
2k,1.0,1.0,-1.0,1.0,7075t6,571.47,600.0,4.0,0.2,MQF,10.9575,Rz
2k,-1.0,1.0,1.0,-1.0,7075t6,571.47,200.0,4.0,0.35,Seco,39.150833,Rz
2k,-1.0,1.0,1.0,1.0,7075t6,571.47,200.0,4.0,0.35,Jorro,38.590834,Rz
2k,-1.0,1.0,1.0,1.0,7075t6,571.47,200.0,4.0,0.35,MQF,38.968334,Rz
2k,1.0,1.0,1.0,-1.0,7075t6,571.47,600.0,4.0,0.35,Seco,38.469167,Rz
2k,1.0,1.0,1.0,1.0,7075t6,571.47,600.0,4.0,0.35,Jorro,38.174166,Rz
2k,1.0,1.0,1.0,1.0,7075t6,571.47,600.0,4.0,0.35,MQF,38.565,Rz
2k,-1.0,-1.0,-1.0,-1.0,7075t6,571.47,200.0,1.0,0.2,Seco,9.05,Rz
2k,-1.0,-1.0,-1.0,1.0,7075t6,571.47,200.0,1.0,0.2,Jorro,8.6416666,Rz
2k,-1.0,-1.0,-1.0,1.0,7075t6,571.47,200.0,1.0,0.2,MQF,8.8408334,Rz
2k,1.0,-1.0,-1.0,-1.0,7075t6,571.47,600.0,1.0,0.2,Seco,9.9491666,Rz
2k,1.0,-1.0,-1.0,1.0,7075t6,571.47,600.0,1.0,0.2,Jorro,9.55,Rz
2k,1.0,-1.0,-1.0,1.0,7075t6,571.47,600.0,1.0,0.2,MQF,9.6083334,Rz
2k,-1.0,-1.0,1.0,-1.0,7075t6,571.47,200.0,1.0,0.35,Seco,20.154167,Rz
2k,-1.0,-1.0,1.0,1.0,7075t6,571.47,200.0,1.0,0.35,Jorro,20.201667,Rz
2k,-1.0,-1.0,1.0,1.0,7075t6,571.47,200.0,1.0,0.35,MQF,19.5125,Rz
2k,1.0,-1.0,1.0,-1.0,7075t6,571.47,600.0,1.0,0.35,Seco,21.414167,Rz
2k,1.0,-1.0,1.0,1.0,7075t6,571.47,600.0,1.0,0.35,Jorro,20.049166,Rz
2k,1.0,-1.0,1.0,1.0,7075t6,571.47,600.0,1.0,0.35,MQF,19.535,Rz
2k,-1.0,1.0,-1.0,1.0,7075t73,502.35,200.0,4.0,0.2,Jorro,4.8366666,Rz
2k,-1.0,1.0,-1.0,1.0,7075t73,502.35,200.0,4.0,0.2,MQF,5.7216666,Rz
2k,1.0,1.0,-1.0,-1.0,7075t73,502.35,600.0,4.0,0.2,Seco,6.5841667,Rz
2k,1.0,1.0,-1.0,1.0,7075t73,502.35,600.0,4.0,0.2,Jorro,5.6616666,Rz
2k,1.0,1.0,-1.0,1.0,7075t73,502.35,600.0,4.0,0.2,MQF,5.6441666,Rz
2k,-1.0,1.0,1.0,-1.0,7075t73,502.35,200.0,4.0,0.35,Seco,15.325834,Rz
2k,-1.0,1.0,1.0,1.0,7075t73,502.35,200.0,4.0,0.35,Jorro,15.118334,Rz
2k,-1.0,1.0,1.0,1.0,7075t73,502.35,200.0,4.0,0.35,MQF,15.208334,Rz
2k,1.0,1.0,1.0,-1.0,7075t73,502.35,600.0,4.0,0.35,Seco,16.236666,Rz
2k,1.0,1.0,1.0,1.0,7075t73,502.35,600.0,4.0,0.35,Jorro,16.340834,Rz
2k,1.0,1.0,1.0,1.0,7075t73,502.35,600.0,4.0,0.35,MQF,16.2075,Rz
2k,-1.0,-1.0,-1.0,-1.0,7075t73,502.35,200.0,1.0,0.2,Seco,8.73,Rz
2k,-1.0,-1.0,-1.0,1.0,7075t73,502.35,200.0,1.0,0.2,Jorro,9.1908334,Rz
2k,-1.0,-1.0,-1.0,1.0,7075t73,502.35,200.0,1.0,0.2,MQF,8.7875,Rz
2k,1.0,-1.0,-1.0,-1.0,7075t73,502.35,600.0,1.0,0.2,Seco,9.4575,Rz
2k,1.0,-1.0,-1.0,1.0,7075t73,502.35,600.0,1.0,0.2,Jorro,9.2725,Rz
2k,1.0,-1.0,-1.0,1.0,7075t73,502.35,600.0,1.0,0.2,MQF,9.5716666,Rz
2k,-1.0,-1.0,1.0,-1.0,7075t73,502.35,200.0,1.0,0.35,Seco,19.519167,Rz
2k,-1.0,-1.0,1.0,1.0,7075t73,502.35,200.0,1.0,0.35,Jorro,19.859167,Rz
2k,-1.0,-1.0,1.0,1.0,7075t73,502.35,200.0,1.0,0.35,MQF,19.659167,Rz
2k,1.0,-1.0,1.0,-1.0,7075t73,502.35,600.0,1.0,0.35,Seco,19.591667,Rz
2k,1.0,-1.0,1.0,1.0,7075t73,502.35,600.0,1.0,0.35,Jorro,19.325,Rz
2k,1.0,-1.0,1.0,1.0,7075t73,502.35,600.0,1.0,0.35,MQF,19.3625,Rz
2k,-1.0,1.0,-1.0,1.0,1350o,71.38,200.0,4.0,0.2,Jorro,339.63883,Temp
2k,-1.0,1.0,-1.0,1.0,1350o,71.38,200.0,4.0,0.2,MQF,317.24153,Temp
2k,1.0,1.0,-1.0,-1.0,1350o,71.38,600.0,4.0,0.2,Seco,362.02483,Temp
2k,1.0,1.0,-1.0,1.0,1350o,71.38,600.0,4.0,0.2,Jorro,405.26913,Temp
2k,1.0,1.0,-1.0,1.0,1350o,71.38,600.0,4.0,0.2,MQF,404.3136,Temp
2k,-1.0,1.0,1.0,-1.0,1350o,71.38,200.0,4.0,0.35,Seco,238.38905,Temp
2k,-1.0,1.0,1.0,1.0,1350o,71.38,200.0,4.0,0.35,Jorro,307.62269,Temp
2k,-1.0,1.0,1.0,1.0,1350o,71.38,200.0,4.0,0.35,MQF,258.64662,Temp
2k,1.0,1.0,1.0,-1.0,1350o,71.38,600.0,4.0,0.35,Seco,277.9729,Temp
2k,1.0,1.0,1.0,1.0,1350o,71.38,600.0,4.0,0.35,Jorro,406.60929,Temp
2k,1.0,1.0,1.0,1.0,1350o,71.38,600.0,4.0,0.35,MQF,325.77324,Temp
2k,-1.0,-1.0,-1.0,-1.0,1350o,71.38,200.0,1.0,0.2,Seco,333.16796,Temp
2k,-1.0,-1.0,-1.0,1.0,1350o,71.38,200.0,1.0,0.2,Jorro,314.53791,Temp
2k,-1.0,-1.0,-1.0,1.0,1350o,71.38,200.0,1.0,0.2,MQF,338.83466,Temp
2k,1.0,-1.0,-1.0,-1.0,1350o,71.38,600.0,1.0,0.2,Seco,417.85142,Temp
2k,1.0,-1.0,-1.0,1.0,1350o,71.38,600.0,1.0,0.2,Jorro,400.05034,Temp
2k,1.0,-1.0,-1.0,1.0,1350o,71.38,600.0,1.0,0.2,MQF,423.90509,Temp
2k,-1.0,-1.0,1.0,-1.0,1350o,71.38,200.0,1.0,0.35,Seco,345.8665,Temp
2k,-1.0,-1.0,1.0,1.0,1350o,71.38,200.0,1.0,0.35,Jorro,323.80397,Temp
2k,-1.0,-1.0,1.0,1.0,1350o,71.38,200.0,1.0,0.35,MQF,352.34682,Temp
2k,1.0,-1.0,1.0,-1.0,1350o,71.38,600.0,1.0,0.35,Seco,429.44793,Temp
2k,1.0,-1.0,1.0,1.0,1350o,71.38,600.0,1.0,0.35,Jorro,418.39108,Temp
2k,1.0,-1.0,1.0,1.0,1350o,71.38,600.0,1.0,0.35,MQF,424.76858,Temp
2k,-1.0,1.0,-1.0,1.0,6082t4,294.23,200.0,4.0,0.2,Jorro,495.43412,Temp
2k,-1.0,1.0,-1.0,1.0,6082t4,294.23,200.0,4.0,0.2,MQF,512.13193,Temp
2k,1.0,1.0,-1.0,-1.0,6082t4,294.23,600.0,4.0,0.2,Seco,567.01726,Temp
2k,1.0,1.0,-1.0,1.0,6082t4,294.23,600.0,4.0,0.2,Jorro,569.33011,Temp
2k,1.0,1.0,-1.0,1.0,6082t4,294.23,600.0,4.0,0.2,MQF,567.10183,Temp
2k,-1.0,1.0,1.0,-1.0,6082t4,294.23,200.0,4.0,0.35,Seco,499.83188,Temp
2k,-1.0,1.0,1.0,1.0,6082t4,294.23,200.0,4.0,0.35,Jorro,503.35268,Temp
2k,-1.0,1.0,1.0,1.0,6082t4,294.23,200.0,4.0,0.35,MQF,501.34958,Temp
2k,1.0,1.0,1.0,-1.0,6082t4,294.23,600.0,4.0,0.35,Seco,566.60489,Temp
2k,1.0,1.0,1.0,1.0,6082t4,294.23,600.0,4.0,0.35,Jorro,575.44584,Temp
2k,1.0,1.0,1.0,1.0,6082t4,294.23,600.0,4.0,0.35,MQF,587.42998,Temp
2k,-1.0,-1.0,-1.0,-1.0,6082t4,294.23,200.0,1.0,0.2,Seco,464.54154,Temp
2k,-1.0,-1.0,-1.0,1.0,6082t4,294.23,200.0,1.0,0.2,Jorro,453.16711,Temp
2k,-1.0,-1.0,-1.0,1.0,6082t4,294.23,200.0,1.0,0.2,MQF,467.39783,Temp
2k,1.0,-1.0,-1.0,-1.0,6082t4,294.23,600.0,1.0,0.2,Seco,551.54565,Temp
2k,1.0,-1.0,-1.0,1.0,6082t4,294.23,600.0,1.0,0.2,Jorro,545.03778,Temp
2k,1.0,-1.0,-1.0,1.0,6082t4,294.23,600.0,1.0,0.2,MQF,556.47586,Temp
2k,-1.0,-1.0,1.0,-1.0,6082t4,294.23,200.0,1.0,0.35,Seco,493.11722,Temp
2k,-1.0,-1.0,1.0,1.0,6082t4,294.23,200.0,1.0,0.35,Jorro,481.01219,Temp
2k,-1.0,-1.0,1.0,1.0,6082t4,294.23,200.0,1.0,0.35,MQF,497.44351,Temp
2k,1.0,-1.0,1.0,-1.0,6082t4,294.23,600.0,1.0,0.35,Seco,572.77983,Temp
2k,1.0,-1.0,1.0,1.0,6082t4,294.23,600.0,1.0,0.35,Jorro,573.08616,Temp
2k,1.0,-1.0,1.0,1.0,6082t4,294.23,600.0,1.0,0.35,MQF,562.08538,Temp
2k,-1.0,1.0,-1.0,1.0,6262t6,297.8,200.0,4.0,0.2,Jorro,505.03262,Temp
2k,-1.0,1.0,-1.0,1.0,6262t6,297.8,200.0,4.0,0.2,MQF,508.90592,Temp
2k,1.0,1.0,-1.0,-1.0,6262t6,297.8,600.0,4.0,0.2,Seco,591.18334,Temp
2k,1.0,1.0,-1.0,1.0,6262t6,297.8,600.0,4.0,0.2,Jorro,597.84191,Temp
2k,1.0,1.0,-1.0,1.0,6262t6,297.8,600.0,4.0,0.2,MQF,595.32104,Temp
2k,-1.0,1.0,1.0,-1.0,6262t6,297.8,200.0,4.0,0.35,Seco,527.01986,Temp
2k,-1.0,1.0,1.0,1.0,6262t6,297.8,200.0,4.0,0.35,Jorro,515.72036,Temp
2k,-1.0,1.0,1.0,1.0,6262t6,297.8,200.0,4.0,0.35,MQF,509.19795,Temp
2k,1.0,1.0,1.0,-1.0,6262t6,297.8,600.0,4.0,0.35,Seco,591.53539,Temp
2k,1.0,1.0,1.0,1.0,6262t6,297.8,600.0,4.0,0.35,Jorro,603.4934,Temp
2k,1.0,1.0,1.0,1.0,6262t6,297.8,600.0,4.0,0.35,MQF,596.32718,Temp
2k,-1.0,-1.0,-1.0,-1.0,6262t6,297.8,200.0,1.0,0.2,Seco,480.63364,Temp
2k,-1.0,-1.0,-1.0,1.0,6262t6,297.8,200.0,1.0,0.2,Jorro,478.52341,Temp
2k,-1.0,-1.0,-1.0,1.0,6262t6,297.8,200.0,1.0,0.2,MQF,480.15558,Temp
2k,1.0,-1.0,-1.0,-1.0,6262t6,297.8,600.0,1.0,0.2,Seco,569.47224,Temp
2k,1.0,-1.0,-1.0,1.0,6262t6,297.8,600.0,1.0,0.2,Jorro,568.7403,Temp
2k,1.0,-1.0,-1.0,1.0,6262t6,297.8,600.0,1.0,0.2,MQF,572.63396,Temp
2k,-1.0,-1.0,1.0,-1.0,6262t6,297.8,200.0,1.0,0.35,Seco,505.46609,Temp
2k,-1.0,-1.0,1.0,1.0,6262t6,297.8,200.0,1.0,0.35,Jorro,502.91238,Temp
2k,-1.0,-1.0,1.0,1.0,6262t6,297.8,200.0,1.0,0.35,MQF,505.70475,Temp
2k,1.0,-1.0,1.0,-1.0,6262t6,297.8,600.0,1.0,0.35,Seco,590.79037,Temp
2k,1.0,-1.0,1.0,1.0,6262t6,297.8,600.0,1.0,0.35,Jorro,590.97903,Temp
2k,1.0,-1.0,1.0,1.0,6262t6,297.8,600.0,1.0,0.35,MQF,593.00949,Temp
2k,-1.0,1.0,-1.0,1.0,6351t6,335.53,200.0,4.0,0.2,Jorro,500.57657,Temp
2k,-1.0,1.0,-1.0,1.0,6351t6,335.53,200.0,4.0,0.2,MQF,507.99278,Temp
2k,1.0,1.0,-1.0,-1.0,6351t6,335.53,600.0,4.0,0.2,Seco,584.59866,Temp
2k,1.0,1.0,-1.0,1.0,6351t6,335.53,600.0,4.0,0.2,Jorro,590.06554,Temp
2k,1.0,1.0,-1.0,1.0,6351t6,335.53,600.0,4.0,0.2,MQF,590.86776,Temp
2k,-1.0,1.0,1.0,-1.0,6351t6,335.53,200.0,4.0,0.35,Seco,525.22972,Temp
2k,-1.0,1.0,1.0,1.0,6351t6,335.53,200.0,4.0,0.35,Jorro,532.50649,Temp
2k,-1.0,1.0,1.0,1.0,6351t6,335.53,200.0,4.0,0.35,MQF,529.9672,Temp
2k,1.0,1.0,1.0,-1.0,6351t6,335.53,600.0,4.0,0.35,Seco,606.88928,Temp
2k,1.0,1.0,1.0,1.0,6351t6,335.53,600.0,4.0,0.35,Jorro,619.26472,Temp
2k,1.0,1.0,1.0,1.0,6351t6,335.53,600.0,4.0,0.35,MQF,606.38244,Temp
2k,-1.0,-1.0,-1.0,-1.0,6351t6,335.53,200.0,1.0,0.2,Seco,487.38328,Temp
2k,-1.0,-1.0,-1.0,1.0,6351t6,335.53,200.0,1.0,0.2,Jorro,483.5722,Temp
2k,-1.0,-1.0,-1.0,1.0,6351t6,335.53,200.0,1.0,0.2,MQF,489.30312,Temp
2k,1.0,-1.0,-1.0,-1.0,6351t6,335.53,600.0,1.0,0.2,Seco,565.71049,Temp
2k,1.0,-1.0,-1.0,1.0,6351t6,335.53,600.0,1.0,0.2,Jorro,565.7508,Temp
2k,1.0,-1.0,-1.0,1.0,6351t6,335.53,600.0,1.0,0.2,MQF,571.92555,Temp
2k,-1.0,-1.0,1.0,-1.0,6351t6,335.53,200.0,1.0,0.35,Seco,513.8922,Temp
2k,-1.0,-1.0,1.0,1.0,6351t6,335.53,200.0,1.0,0.35,Jorro,507.45948,Temp
2k,-1.0,-1.0,1.0,1.0,6351t6,335.53,200.0,1.0,0.35,MQF,513.17824,Temp
2k,1.0,-1.0,1.0,-1.0,6351t6,335.53,600.0,1.0,0.35,Seco,583.72577,Temp
2k,1.0,-1.0,1.0,1.0,6351t6,335.53,600.0,1.0,0.35,Jorro,591.82955,Temp
2k,1.0,-1.0,1.0,1.0,6351t6,335.53,600.0,1.0,0.35,MQF,595.54305,Temp
2k,-1.0,1.0,-1.0,1.0,7075t6,571.47,200.0,4.0,0.2,Jorro,573.68148,Temp
2k,-1.0,1.0,-1.0,1.0,7075t6,571.47,200.0,4.0,0.2,MQF,567.40147,Temp
2k,1.0,1.0,-1.0,-1.0,7075t6,571.47,600.0,4.0,0.2,Seco,633.01988,Temp
2k,1.0,1.0,-1.0,1.0,7075t6,571.47,600.0,4.0,0.2,Jorro,635.62959,Temp
2k,1.0,1.0,-1.0,1.0,7075t6,571.47,600.0,4.0,0.2,MQF,633.71811,Temp
2k,-1.0,1.0,1.0,-1.0,7075t6,571.47,200.0,4.0,0.35,Seco,575.50539,Temp
2k,-1.0,1.0,1.0,1.0,7075t6,571.47,200.0,4.0,0.35,Jorro,591.46353,Temp
2k,-1.0,1.0,1.0,1.0,7075t6,571.47,200.0,4.0,0.35,MQF,590.78724,Temp
2k,1.0,1.0,1.0,-1.0,7075t6,571.47,600.0,4.0,0.35,Seco,641.39082,Temp
2k,1.0,1.0,1.0,1.0,7075t6,571.47,600.0,4.0,0.35,Jorro,647.10028,Temp
2k,1.0,1.0,1.0,1.0,7075t6,571.47,600.0,4.0,0.35,MQF,642.88567,Temp
2k,-1.0,-1.0,-1.0,-1.0,7075t6,571.47,200.0,1.0,0.2,Seco,564.22589,Temp
2k,-1.0,-1.0,-1.0,1.0,7075t6,571.47,200.0,1.0,0.2,Jorro,564.37475,Temp
2k,-1.0,-1.0,-1.0,1.0,7075t6,571.47,200.0,1.0,0.2,MQF,568.50727,Temp
2k,1.0,-1.0,-1.0,-1.0,7075t6,571.47,600.0,1.0,0.2,Seco,639.80169,Temp
2k,1.0,-1.0,-1.0,1.0,7075t6,571.47,600.0,1.0,0.2,Jorro,637.41091,Temp
2k,1.0,-1.0,-1.0,1.0,7075t6,571.47,600.0,1.0,0.2,MQF,635.01025,Temp
2k,-1.0,-1.0,1.0,-1.0,7075t6,571.47,200.0,1.0,0.35,Seco,588.97726,Temp
2k,-1.0,-1.0,1.0,1.0,7075t6,571.47,200.0,1.0,0.35,Jorro,586.82382,Temp
2k,-1.0,-1.0,1.0,1.0,7075t6,571.47,200.0,1.0,0.35,MQF,588.26387,Temp
2k,1.0,-1.0,1.0,-1.0,7075t6,571.47,600.0,1.0,0.35,Seco,652.00422,Temp
2k,1.0,-1.0,1.0,1.0,7075t6,571.47,600.0,1.0,0.35,Jorro,653.54125,Temp
2k,1.0,-1.0,1.0,1.0,7075t6,571.47,600.0,1.0,0.35,MQF,655.11631,Temp
2k,-1.0,1.0,-1.0,1.0,7075t73,502.35,200.0,4.0,0.2,Jorro,325.46532,Temp
2k,-1.0,1.0,-1.0,1.0,7075t73,502.35,200.0,4.0,0.2,MQF,324.60073,Temp
2k,1.0,1.0,-1.0,-1.0,7075t73,502.35,600.0,4.0,0.2,Seco,349.92311,Temp
2k,1.0,1.0,-1.0,1.0,7075t73,502.35,600.0,4.0,0.2,Jorro,352.48901,Temp
2k,1.0,1.0,-1.0,1.0,7075t73,502.35,600.0,4.0,0.2,MQF,350.25616,Temp
2k,-1.0,1.0,1.0,-1.0,7075t73,502.35,200.0,4.0,0.35,Seco,550.30632,Temp
2k,-1.0,1.0,1.0,1.0,7075t73,502.35,200.0,4.0,0.35,Jorro,550.91091,Temp
2k,-1.0,1.0,1.0,1.0,7075t73,502.35,200.0,4.0,0.35,MQF,547.24149,Temp
2k,1.0,1.0,1.0,-1.0,7075t73,502.35,600.0,4.0,0.35,Seco,605.67876,Temp
2k,1.0,1.0,1.0,1.0,7075t73,502.35,600.0,4.0,0.35,Jorro,606.53624,Temp
2k,1.0,1.0,1.0,1.0,7075t73,502.35,600.0,4.0,0.35,MQF,605.24046,Temp
2k,-1.0,-1.0,-1.0,-1.0,7075t73,502.35,200.0,1.0,0.2,Seco,541.14363,Temp
2k,-1.0,-1.0,-1.0,1.0,7075t73,502.35,200.0,1.0,0.2,Jorro,544.38143,Temp
2k,-1.0,-1.0,-1.0,1.0,7075t73,502.35,200.0,1.0,0.2,MQF,552.45863,Temp
2k,1.0,-1.0,-1.0,-1.0,7075t73,502.35,600.0,1.0,0.2,Seco,608.9106,Temp
2k,1.0,-1.0,-1.0,1.0,7075t73,502.35,600.0,1.0,0.2,Jorro,596.64381,Temp
2k,1.0,-1.0,-1.0,1.0,7075t73,502.35,600.0,1.0,0.2,MQF,605.5734,Temp
2k,-1.0,-1.0,1.0,-1.0,7075t73,502.35,200.0,1.0,0.35,Seco,556.49873,Temp
2k,-1.0,-1.0,1.0,1.0,7075t73,502.35,200.0,1.0,0.35,Jorro,547.24041,Temp
2k,-1.0,-1.0,1.0,1.0,7075t73,502.35,200.0,1.0,0.35,MQF,551.91963,Temp
2k,1.0,-1.0,1.0,-1.0,7075t73,502.35,600.0,1.0,0.35,Seco,614.41711,Temp
2k,1.0,-1.0,1.0,1.0,7075t73,502.35,600.0,1.0,0.35,Jorro,602.01487,Temp
2k,1.0,-1.0,1.0,1.0,7075t73,502.35,600.0,1.0,0.35,MQF,612.09573,Temp
2k,-1.0,1.0,-1.0,1.0,1350o,71.38,200.0,4.0,0.2,Jorro,55.064027,Vibra
2k,-1.0,1.0,-1.0,1.0,1350o,71.38,200.0,4.0,0.2,MQF,65.202918,Vibra
2k,1.0,1.0,-1.0,-1.0,1350o,71.38,600.0,4.0,0.2,Seco,91.974441,Vibra
2k,1.0,1.0,-1.0,1.0,1350o,71.38,600.0,4.0,0.2,Jorro,95.643596,Vibra
2k,1.0,1.0,-1.0,1.0,1350o,71.38,600.0,4.0,0.2,MQF,88.107129,Vibra
2k,-1.0,1.0,1.0,-1.0,1350o,71.38,200.0,4.0,0.35,Seco,83.900777,Vibra
2k,-1.0,1.0,1.0,1.0,1350o,71.38,200.0,4.0,0.35,Jorro,64.996182,Vibra
2k,-1.0,1.0,1.0,1.0,1350o,71.38,200.0,4.0,0.35,MQF,69.764888,Vibra
2k,1.0,1.0,1.0,-1.0,1350o,71.38,600.0,4.0,0.35,Seco,113.42196,Vibra
2k,1.0,1.0,1.0,1.0,1350o,71.38,600.0,4.0,0.35,Jorro,117.63967,Vibra
2k,1.0,1.0,1.0,1.0,1350o,71.38,600.0,4.0,0.35,MQF,195.70387,Vibra
2k,-1.0,-1.0,-1.0,-1.0,1350o,71.38,200.0,1.0,0.2,Seco,31.377348,Vibra
2k,-1.0,-1.0,-1.0,1.0,1350o,71.38,200.0,1.0,0.2,Jorro,30.84736,Vibra
2k,-1.0,-1.0,-1.0,1.0,1350o,71.38,200.0,1.0,0.2,MQF,27.659755,Vibra
2k,1.0,-1.0,-1.0,-1.0,1350o,71.38,600.0,1.0,0.2,Seco,37.405857,Vibra
2k,1.0,-1.0,-1.0,1.0,1350o,71.38,600.0,1.0,0.2,Jorro,34.445147,Vibra
2k,1.0,-1.0,-1.0,1.0,1350o,71.38,600.0,1.0,0.2,MQF,39.425207,Vibra
2k,-1.0,-1.0,1.0,-1.0,1350o,71.38,200.0,1.0,0.35,Seco,63.103461,Vibra
2k,-1.0,-1.0,1.0,1.0,1350o,71.38,200.0,1.0,0.35,Jorro,63.333572,Vibra
2k,-1.0,-1.0,1.0,1.0,1350o,71.38,200.0,1.0,0.35,MQF,50.270211,Vibra
2k,1.0,-1.0,1.0,-1.0,1350o,71.38,600.0,1.0,0.35,Seco,63.973231,Vibra
2k,1.0,-1.0,1.0,1.0,1350o,71.38,600.0,1.0,0.35,Jorro,82.391351,Vibra
2k,1.0,-1.0,1.0,1.0,1350o,71.38,600.0,1.0,0.35,MQF,67.88328,Vibra
2k,-1.0,1.0,-1.0,1.0,6082t4,294.23,200.0,4.0,0.2,Jorro,29.892191,Vibra
2k,-1.0,1.0,-1.0,1.0,6082t4,294.23,200.0,4.0,0.2,MQF,31.967235,Vibra
2k,1.0,1.0,-1.0,-1.0,6082t4,294.23,600.0,4.0,0.2,Seco,31.172483,Vibra
2k,1.0,1.0,-1.0,1.0,6082t4,294.23,600.0,4.0,0.2,Jorro,26.874369,Vibra
2k,1.0,1.0,-1.0,1.0,6082t4,294.23,600.0,4.0,0.2,MQF,31.21558,Vibra
2k,-1.0,1.0,1.0,-1.0,6082t4,294.23,200.0,4.0,0.35,Seco,55.561177,Vibra
2k,-1.0,1.0,1.0,1.0,6082t4,294.23,200.0,4.0,0.35,Jorro,48.35362,Vibra
2k,-1.0,1.0,1.0,1.0,6082t4,294.23,200.0,4.0,0.35,MQF,51.422636,Vibra
2k,1.0,1.0,1.0,-1.0,6082t4,294.23,600.0,4.0,0.35,Seco,62.287067,Vibra
2k,1.0,1.0,1.0,1.0,6082t4,294.23,600.0,4.0,0.35,Jorro,69.339864,Vibra
2k,1.0,1.0,1.0,1.0,6082t4,294.23,600.0,4.0,0.35,MQF,131.23925,Vibra
2k,-1.0,-1.0,-1.0,-1.0,6082t4,294.23,200.0,1.0,0.2,Seco,21.875578,Vibra
2k,-1.0,-1.0,-1.0,1.0,6082t4,294.23,200.0,1.0,0.2,Jorro,21.152187,Vibra
2k,-1.0,-1.0,-1.0,1.0,6082t4,294.23,200.0,1.0,0.2,MQF,17.799898,Vibra
2k,1.0,-1.0,-1.0,-1.0,6082t4,294.23,600.0,1.0,0.2,Seco,16.448306,Vibra
2k,1.0,-1.0,-1.0,1.0,6082t4,294.23,600.0,1.0,0.2,Jorro,17.781674,Vibra
2k,1.0,-1.0,-1.0,1.0,6082t4,294.23,600.0,1.0,0.2,MQF,17.532934,Vibra
2k,-1.0,-1.0,1.0,-1.0,6082t4,294.23,200.0,1.0,0.35,Seco,60.315004,Vibra
2k,-1.0,-1.0,1.0,1.0,6082t4,294.23,200.0,1.0,0.35,Jorro,50.743462,Vibra
2k,-1.0,-1.0,1.0,1.0,6082t4,294.23,200.0,1.0,0.35,MQF,43.615218,Vibra
2k,1.0,-1.0,1.0,-1.0,6082t4,294.23,600.0,1.0,0.35,Seco,31.445068,Vibra
2k,1.0,-1.0,1.0,1.0,6082t4,294.23,600.0,1.0,0.35,Jorro,28.890768,Vibra
2k,1.0,-1.0,1.0,1.0,6082t4,294.23,600.0,1.0,0.35,MQF,30.302164,Vibra
2k,-1.0,1.0,-1.0,1.0,6262t6,297.8,200.0,4.0,0.2,Jorro,74.75903,Vibra
2k,-1.0,1.0,-1.0,1.0,6262t6,297.8,200.0,4.0,0.2,MQF,76.34992,Vibra
2k,1.0,1.0,-1.0,-1.0,6262t6,297.8,600.0,4.0,0.2,Seco,118.53413,Vibra
2k,1.0,1.0,-1.0,1.0,6262t6,297.8,600.0,4.0,0.2,Jorro,109.86183,Vibra
2k,1.0,1.0,-1.0,1.0,6262t6,297.8,600.0,4.0,0.2,MQF,138.80333,Vibra
2k,-1.0,1.0,1.0,-1.0,6262t6,297.8,200.0,4.0,0.35,Seco,131.7291,Vibra
2k,-1.0,1.0,1.0,1.0,6262t6,297.8,200.0,4.0,0.35,Jorro,126.67656,Vibra
2k,-1.0,1.0,1.0,1.0,6262t6,297.8,200.0,4.0,0.35,MQF,128.07011,Vibra
2k,1.0,1.0,1.0,-1.0,6262t6,297.8,600.0,4.0,0.35,Seco,249.59857,Vibra
2k,1.0,1.0,1.0,1.0,6262t6,297.8,600.0,4.0,0.35,Jorro,243.57577,Vibra
2k,1.0,1.0,1.0,1.0,6262t6,297.8,600.0,4.0,0.35,MQF,258.94895,Vibra
2k,-1.0,-1.0,-1.0,-1.0,6262t6,297.8,200.0,1.0,0.2,Seco,59.792009,Vibra
2k,-1.0,-1.0,-1.0,1.0,6262t6,297.8,200.0,1.0,0.2,Jorro,54.352602,Vibra
2k,-1.0,-1.0,-1.0,1.0,6262t6,297.8,200.0,1.0,0.2,MQF,58.328663,Vibra
2k,1.0,-1.0,-1.0,-1.0,6262t6,297.8,600.0,1.0,0.2,Seco,91.142732,Vibra
2k,1.0,-1.0,-1.0,1.0,6262t6,297.8,600.0,1.0,0.2,Jorro,90.870636,Vibra
2k,1.0,-1.0,-1.0,1.0,6262t6,297.8,600.0,1.0,0.2,MQF,87.577973,Vibra
2k,-1.0,-1.0,1.0,-1.0,6262t6,297.8,200.0,1.0,0.35,Seco,104.34985,Vibra
2k,-1.0,-1.0,1.0,1.0,6262t6,297.8,200.0,1.0,0.35,Jorro,106.34645,Vibra
2k,-1.0,-1.0,1.0,1.0,6262t6,297.8,200.0,1.0,0.35,MQF,106.68361,Vibra
2k,1.0,-1.0,1.0,-1.0,6262t6,297.8,600.0,1.0,0.35,Seco,136.23173,Vibra
2k,1.0,-1.0,1.0,1.0,6262t6,297.8,600.0,1.0,0.35,Jorro,139.00781,Vibra
2k,1.0,-1.0,1.0,1.0,6262t6,297.8,600.0,1.0,0.35,MQF,154.02067,Vibra
2k,-1.0,1.0,-1.0,1.0,6351t6,335.53,200.0,4.0,0.2,Jorro,66.721498,Vibra
2k,-1.0,1.0,-1.0,1.0,6351t6,335.53,200.0,4.0,0.2,MQF,62.226225,Vibra
2k,1.0,1.0,-1.0,-1.0,6351t6,335.53,600.0,4.0,0.2,Seco,84.774713,Vibra
2k,1.0,1.0,-1.0,1.0,6351t6,335.53,600.0,4.0,0.2,Jorro,82.847914,Vibra
2k,1.0,1.0,-1.0,1.0,6351t6,335.53,600.0,4.0,0.2,MQF,89.270545,Vibra
2k,-1.0,1.0,1.0,-1.0,6351t6,335.53,200.0,4.0,0.35,Seco,95.079106,Vibra
2k,-1.0,1.0,1.0,1.0,6351t6,335.53,200.0,4.0,0.35,Jorro,104.53053,Vibra
2k,-1.0,1.0,1.0,1.0,6351t6,335.53,200.0,4.0,0.35,MQF,97.292076,Vibra
2k,1.0,1.0,1.0,-1.0,6351t6,335.53,600.0,4.0,0.35,Seco,142.75633,Vibra
2k,1.0,1.0,1.0,1.0,6351t6,335.53,600.0,4.0,0.35,Jorro,131.35993,Vibra
2k,1.0,1.0,1.0,1.0,6351t6,335.53,600.0,4.0,0.35,MQF,134.43001,Vibra
2k,-1.0,-1.0,-1.0,-1.0,6351t6,335.53,200.0,1.0,0.2,Seco,45.203855,Vibra
2k,-1.0,-1.0,-1.0,1.0,6351t6,335.53,200.0,1.0,0.2,Jorro,49.46351,Vibra
2k,-1.0,-1.0,-1.0,1.0,6351t6,335.53,200.0,1.0,0.2,MQF,47.95017,Vibra
2k,1.0,-1.0,-1.0,-1.0,6351t6,335.53,600.0,1.0,0.2,Seco,39.397828,Vibra
2k,1.0,-1.0,-1.0,1.0,6351t6,335.53,600.0,1.0,0.2,Jorro,42.01963,Vibra
2k,1.0,-1.0,-1.0,1.0,6351t6,335.53,600.0,1.0,0.2,MQF,51.179463,Vibra
2k,-1.0,-1.0,1.0,-1.0,6351t6,335.53,200.0,1.0,0.35,Seco,107.68835,Vibra
2k,-1.0,-1.0,1.0,1.0,6351t6,335.53,200.0,1.0,0.35,Jorro,82.369874,Vibra
2k,-1.0,-1.0,1.0,1.0,6351t6,335.53,200.0,1.0,0.35,MQF,88.524436,Vibra
2k,1.0,-1.0,1.0,-1.0,6351t6,335.53,600.0,1.0,0.35,Seco,67.7136,Vibra
2k,1.0,-1.0,1.0,1.0,6351t6,335.53,600.0,1.0,0.35,Jorro,50.526218,Vibra
2k,1.0,-1.0,1.0,1.0,6351t6,335.53,600.0,1.0,0.35,MQF,47.320739,Vibra
2k,-1.0,1.0,-1.0,1.0,7075t6,571.47,200.0,4.0,0.2,Jorro,22.346578,Vibra
2k,-1.0,1.0,-1.0,1.0,7075t6,571.47,200.0,4.0,0.2,MQF,26.084177,Vibra
2k,1.0,1.0,-1.0,-1.0,7075t6,571.47,600.0,4.0,0.2,Seco,16.149897,Vibra
2k,1.0,1.0,-1.0,1.0,7075t6,571.47,600.0,4.0,0.2,Jorro,18.981821,Vibra
2k,1.0,1.0,-1.0,1.0,7075t6,571.47,600.0,4.0,0.2,MQF,15.352884,Vibra
2k,-1.0,1.0,1.0,-1.0,7075t6,571.47,200.0,4.0,0.35,Seco,74.827417,Vibra
2k,-1.0,1.0,1.0,1.0,7075t6,571.47,200.0,4.0,0.35,Jorro,80.460468,Vibra
2k,-1.0,1.0,1.0,1.0,7075t6,571.47,200.0,4.0,0.35,MQF,87.753058,Vibra
2k,1.0,1.0,1.0,-1.0,7075t6,571.47,600.0,4.0,0.35,Seco,167.18301,Vibra
2k,1.0,1.0,1.0,1.0,7075t6,571.47,600.0,4.0,0.35,Jorro,170.2497,Vibra
2k,1.0,1.0,1.0,1.0,7075t6,571.47,600.0,4.0,0.35,MQF,168.60062,Vibra
2k,-1.0,-1.0,-1.0,-1.0,7075t6,571.47,200.0,1.0,0.2,Seco,20.275557,Vibra
2k,-1.0,-1.0,-1.0,1.0,7075t6,571.47,200.0,1.0,0.2,Jorro,20.911581,Vibra
2k,-1.0,-1.0,-1.0,1.0,7075t6,571.47,200.0,1.0,0.2,MQF,21.606206,Vibra
2k,1.0,-1.0,-1.0,-1.0,7075t6,571.47,600.0,1.0,0.2,Seco,14.11537,Vibra
2k,1.0,-1.0,-1.0,1.0,7075t6,571.47,600.0,1.0,0.2,Jorro,17.257127,Vibra
2k,1.0,-1.0,-1.0,1.0,7075t6,571.47,600.0,1.0,0.2,MQF,15.513707,Vibra
2k,-1.0,-1.0,1.0,-1.0,7075t6,571.47,200.0,1.0,0.35,Seco,58.201065,Vibra
2k,-1.0,-1.0,1.0,1.0,7075t6,571.47,200.0,1.0,0.35,Jorro,49.506195,Vibra
2k,-1.0,-1.0,1.0,1.0,7075t6,571.47,200.0,1.0,0.35,MQF,49.876427,Vibra
2k,1.0,-1.0,1.0,-1.0,7075t6,571.47,600.0,1.0,0.35,Seco,29.533482,Vibra
2k,1.0,-1.0,1.0,1.0,7075t6,571.47,600.0,1.0,0.35,Jorro,30.210182,Vibra
2k,1.0,-1.0,1.0,1.0,7075t6,571.47,600.0,1.0,0.35,MQF,33.354756,Vibra
2k,-1.0,1.0,-1.0,1.0,7075t73,502.35,200.0,4.0,0.2,Jorro,17.109212,Vibra
2k,-1.0,1.0,-1.0,1.0,7075t73,502.35,200.0,4.0,0.2,MQF,12.865619,Vibra
2k,1.0,1.0,-1.0,-1.0,7075t73,502.35,600.0,4.0,0.2,Seco,9.669031,Vibra
2k,1.0,1.0,-1.0,1.0,7075t73,502.35,600.0,4.0,0.2,Jorro,11.280639,Vibra
2k,1.0,1.0,-1.0,1.0,7075t73,502.35,600.0,4.0,0.2,MQF,8.8118052,Vibra
2k,-1.0,1.0,1.0,-1.0,7075t73,502.35,200.0,4.0,0.35,Seco,17.519033,Vibra
2k,-1.0,1.0,1.0,1.0,7075t73,502.35,200.0,4.0,0.35,Jorro,28.191536,Vibra
2k,-1.0,1.0,1.0,1.0,7075t73,502.35,200.0,4.0,0.35,MQF,19.279978,Vibra
2k,1.0,1.0,1.0,-1.0,7075t73,502.35,600.0,4.0,0.35,Seco,30.779606,Vibra
2k,1.0,1.0,1.0,1.0,7075t73,502.35,600.0,4.0,0.35,Jorro,44.05415,Vibra
2k,1.0,1.0,1.0,1.0,7075t73,502.35,600.0,4.0,0.35,MQF,38.833199,Vibra
2k,-1.0,-1.0,-1.0,-1.0,7075t73,502.35,200.0,1.0,0.2,Seco,11.738254,Vibra
2k,-1.0,-1.0,-1.0,1.0,7075t73,502.35,200.0,1.0,0.2,Jorro,11.528233,Vibra
2k,-1.0,-1.0,-1.0,1.0,7075t73,502.35,200.0,1.0,0.2,MQF,11.870464,Vibra
2k,1.0,-1.0,-1.0,-1.0,7075t73,502.35,600.0,1.0,0.2,Seco,7.0945887,Vibra
2k,1.0,-1.0,-1.0,1.0,7075t73,502.35,600.0,1.0,0.2,Jorro,7.0869528,Vibra
2k,1.0,-1.0,-1.0,1.0,7075t73,502.35,600.0,1.0,0.2,MQF,7.5522292,Vibra
2k,-1.0,-1.0,1.0,-1.0,7075t73,502.35,200.0,1.0,0.35,Seco,27.955437,Vibra
2k,-1.0,-1.0,1.0,1.0,7075t73,502.35,200.0,1.0,0.35,Jorro,30.865612,Vibra
2k,-1.0,-1.0,1.0,1.0,7075t73,502.35,200.0,1.0,0.35,MQF,28.097105,Vibra
2k,1.0,-1.0,1.0,-1.0,7075t73,502.35,600.0,1.0,0.35,Seco,14.345542,Vibra
2k,1.0,-1.0,1.0,1.0,7075t73,502.35,600.0,1.0,0.35,Jorro,14.69968,Vibra
2k,1.0,-1.0,1.0,1.0,7075t73,502.35,600.0,1.0,0.35,MQF,38.121019,Vibra
