Ligas,Rm,Vc,ap,f,Lub,x2,x3,x4,x5,Fc,Ff,Fp,Pot,Ra,Rq,Rz,Temp,Vibra
1350o,71.38,200.0,4.0,0.2,Jorro,-1.0,1.0,-1.0,1.0,792.15076,323.81691,45.676949,2926.8681,5.2108333,6.19,23.7625,339.63883,55.064027
1350o,71.38,200.0,4.0,0.2,MQF,-1.0,1.0,-1.0,1.0,817.23977,347.82238,53.875455,3163.3751,5.3391667,6.2291666,23.4075,317.24153,65.202918
1350o,71.38,600.0,4.0,0.2,Seco,1.0,1.0,-1.0,-1.0,693.37238,241.1527,38.639034,7802.0989,4.6358334,5.4708333,22.5,362.02483,91.974441
1350o,71.38,600.0,4.0,0.2,Jorro,1.0,1.0,-1.0,1.0,681.54369,234.16844,37.547403,7785.7741,4.1866666,5.0075,20.874167,405.26913,95.643596
1350o,71.38,600.0,4.0,0.2,MQF,1.0,1.0,-1.0,1.0,690.54868,240.53466,37.173051,7865.1989,4.485,5.2258334,20.69,404.3136,88.107129
1350o,71.38,200.0,4.0,0.35,Seco,-1.0,1.0,1.0,-1.0,1214.2807,428.09085,85.637182,4563.5973,11.609167,13.344167,47.346666,238.38905,83.900777
1350o,71.38,200.0,4.0,0.35,Jorro,-1.0,1.0,1.0,1.0,1232.2179,440.98944,75.061508,4713.1517,11.525,13.256667,48.248334,307.62269,64.996182
1350o,71.38,200.0,4.0,0.35,MQF,-1.0,1.0,1.0,1.0,1223.0104,425.72644,81.0409,4660.6345,12.040834,13.75,49.7375,258.64662,69.764888
1350o,71.38,600.0,4.0,0.35,Seco,1.0,1.0,1.0,-1.0,991.97587,232.38846,43.885818,10322.589,10.580834,12.210834,43.5575,277.9729,113.42196
1350o,71.38,600.0,4.0,0.35,Jorro,1.0,1.0,1.0,1.0,986.32308,230.14837,23.054772,10370.4,10.291667,11.966667,43.173333,406.60929,117.63967
1350o,71.38,600.0,4.0,0.35,MQF,1.0,1.0,1.0,1.0,1032.0218,253.42509,65.364559,10604.934,8.8733335,10.540834,41.034166,325.77324,195.70387
1350o,71.38,200.0,1.0,0.2,Seco,-1.0,-1.0,-1.0,-1.0,232.1757,98.436041,64.089983,1020.7472,3.7391667,4.4233334,17.31,333.16796,31.377348
1350o,71.38,200.0,1.0,0.2,Jorro,-1.0,-1.0,-1.0,1.0,197.42622,74.130789,47.500944,891.92134,3.1916667,3.8375,14.4625,314.53791,30.84736
1350o,71.38,200.0,1.0,0.2,MQF,-1.0,-1.0,-1.0,1.0,216.45338,87.549532,60.956839,953.33837,3.4225,4.0425,15.320833,338.83466,27.659755
1350o,71.38,600.0,1.0,0.2,Seco,1.0,-1.0,-1.0,-1.0,179.65585,62.361319,43.117257,2450.5742,3.755,4.5525,19.910833,417.85142,37.405857
1350o,71.38,600.0,1.0,0.2,Jorro,1.0,-1.0,-1.0,1.0,145.11342,41.256339,18.492263,2104.8821,3.2425,3.8991666,15.594167,400.05034,34.445147
1350o,71.38,600.0,1.0,0.2,MQF,1.0,-1.0,-1.0,1.0,183.16983,62.712337,44.128189,2357.6699,3.395,4.025,16.404167,423.90509,39.425207
1350o,71.38,200.0,1.0,0.35,Seco,-1.0,-1.0,1.0,-1.0,316.15291,118.42158,76.248266,1395.4228,8.4691665,10.073334,37.970833,345.8665,63.103461
1350o,71.38,200.0,1.0,0.35,Jorro,-1.0,-1.0,1.0,1.0,310.93337,108.11242,72.34172,1338.3565,7.6116667,9.155,35.9975,323.80397,63.333572
1350o,71.38,200.0,1.0,0.35,MQF,-1.0,-1.0,1.0,1.0,328.45815,117.63553,81.026113,1374.9301,8.1458335,9.7775,38.634166,352.34682,50.270211
1350o,71.38,600.0,1.0,0.35,Seco,1.0,-1.0,1.0,-1.0,239.83777,57.680695,41.692987,3224.1046,7.5458334,9.0,32.601667,429.44793,63.973231
1350o,71.38,600.0,1.0,0.35,Jorro,1.0,-1.0,1.0,1.0,235.7865,52.683209,31.210308,3218.0551,7.3966667,8.7675,31.973334,418.39108,82.391351
1350o,71.38,600.0,1.0,0.35,MQF,1.0,-1.0,1.0,1.0,243.45374,53.9666,43.789427,3205.4166,7.9275,9.4766665,35.586667,424.76858,67.88328
6082t4,294.23,200.0,4.0,0.2,Jorro,-1.0,1.0,-1.0,1.0,607.58985,167.77586,-7.1622159,2164.1675,1.9191667,2.2533334,8.1683334,495.43412,29.892191
6082t4,294.23,200.0,4.0,0.2,MQF,-1.0,1.0,-1.0,1.0,621.52833,169.59293,-1.7195145,2310.4683,1.9191667,2.2808334,8.7983334,512.13193,31.967235
6082t4,294.23,600.0,4.0,0.2,Seco,1.0,1.0,-1.0,-1.0,550.63059,92.149868,-6.2357716,6421.2243,1.9725,2.3033333,8.9841665,567.01726,31.172483
6082t4,294.23,600.0,4.0,0.2,Jorro,1.0,1.0,-1.0,1.0,551.17308,96.830486,-16.851996,6358.3063,2.0066667,2.3433334,8.9158333,569.33011,26.874369
6082t4,294.23,600.0,4.0,0.2,MQF,1.0,1.0,-1.0,1.0,576.75652,97.344458,-3.1452847,6396.2245,2.0375,2.3958334,9.2008335,567.10183,31.21558
6082t4,294.23,200.0,4.0,0.35,Seco,-1.0,1.0,1.0,-1.0,1006.011,230.26089,-7.8705983,3715.1738,5.0225,5.9758334,22.846666,499.83188,55.561177
6082t4,294.23,200.0,4.0,0.35,Jorro,-1.0,1.0,1.0,1.0,994.46711,215.39427,-10.316925,3738.3825,5.0708334,6.0116667,22.735,503.35268,48.35362
6082t4,294.23,200.0,4.0,0.35,MQF,-1.0,1.0,1.0,1.0,1024.0422,228.04615,-8.3326793,3789.2672,5.1208333,6.065,23.2525,501.34958,51.422636
6082t4,294.23,600.0,4.0,0.35,Seco,1.0,1.0,1.0,-1.0,882.71211,82.965237,-17.643893,9496.6815,5.1816667,6.175,23.850834,566.60489,62.287067
6082t4,294.23,600.0,4.0,0.35,Jorro,1.0,1.0,1.0,1.0,905.64706,98.44993,-20.490205,9642.867,4.8366666,5.7216666,22.276667,575.44584,69.339864
6082t4,294.23,600.0,4.0,0.35,MQF,1.0,1.0,1.0,1.0,949.48488,132.41083,6.5533025,9902.2272,4.8108334,5.6933333,22.116667,587.42998,131.23925
6082t4,294.23,200.0,1.0,0.2,Seco,-1.0,-1.0,-1.0,-1.0,139.17056,36.133969,12.603752,656.16681,1.7191667,2.0075,7.2991667,464.54154,21.875578
6082t4,294.23,200.0,1.0,0.2,Jorro,-1.0,-1.0,-1.0,1.0,137.8916,36.206404,11.809823,667.28229,1.7083334,1.9858334,7.0475,453.16711,21.152187
6082t4,294.23,200.0,1.0,0.2,MQF,-1.0,-1.0,-1.0,1.0,138.56691,35.414259,13.535992,666.98697,1.7708334,2.0608333,7.4541666,467.39783,17.799898
6082t4,294.23,600.0,1.0,0.2,Seco,1.0,-1.0,-1.0,-1.0,130.15403,21.070352,3.4078756,1886.9054,1.7016666,1.9891667,7.3091666,551.54565,16.448306
6082t4,294.23,600.0,1.0,0.2,Jorro,1.0,-1.0,-1.0,1.0,129.14576,20.984144,-3.3493994,1949.9369,1.7033333,1.9833333,7.19,545.03778,17.781674
6082t4,294.23,600.0,1.0,0.2,MQF,1.0,-1.0,-1.0,1.0,143.69277,22.491933,5.4938184,1830.2722,1.715,1.9925,7.0175,556.47586,17.532934
6082t4,294.23,200.0,1.0,0.35,Seco,-1.0,-1.0,1.0,-1.0,225.1555,48.952423,18.880316,1020.244,5.18,6.0425,21.245,493.11722,60.315004
6082t4,294.23,200.0,1.0,0.35,Jorro,-1.0,-1.0,1.0,1.0,225.50775,46.784254,13.364521,1012.9766,5.1791667,6.035,21.0175,481.01219,50.743462
6082t4,294.23,200.0,1.0,0.35,MQF,-1.0,-1.0,1.0,1.0,233.63644,50.36259,19.876498,1018.4312,5.2191667,6.0825,21.029166,497.44351,43.615218
6082t4,294.23,600.0,1.0,0.35,Seco,1.0,-1.0,1.0,-1.0,198.70587,16.429351,-2.1905052,2758.8467,5.2,6.0591666,20.896667,572.77983,31.445068
6082t4,294.23,600.0,1.0,0.35,Jorro,1.0,-1.0,1.0,1.0,199.81511,13.577133,-8.3200019,2808.3259,5.2116666,6.0566667,20.791666,573.08616,28.890768
6082t4,294.23,600.0,1.0,0.35,MQF,1.0,-1.0,1.0,1.0,205.27329,14.09669,-0.1375612,2734.8847,5.2,6.0525,20.721667,562.08538,30.302164
6262t6,297.8,200.0,4.0,0.2,Jorro,-1.0,1.0,-1.0,1.0,509.01604,81.993661,-13.798831,1827.3283,3.4575,4.0725,15.146667,505.03262,74.75903
6262t6,297.8,200.0,4.0,0.2,MQF,-1.0,1.0,-1.0,1.0,520.87684,88.747354,-10.338653,1989.5056,3.16,3.8083333,13.876667,508.90592,76.34992
6262t6,297.8,600.0,4.0,0.2,Seco,1.0,1.0,-1.0,-1.0,508.54193,83.823206,-12.940889,5983.3621,3.07,3.7441666,14.484167,591.18334,118.53413
6262t6,297.8,600.0,4.0,0.2,Jorro,1.0,1.0,-1.0,1.0,512.96727,82.266643,-19.951203,5965.9537,3.3191666,3.99,15.140833,597.84191,109.86183
6262t6,297.8,600.0,4.0,0.2,MQF,1.0,1.0,-1.0,1.0,529.2073,82.224576,-10.453792,6009.5549,3.2666666,3.9208333,14.484167,595.32104,138.80333
6262t6,297.8,200.0,4.0,0.35,Seco,-1.0,1.0,1.0,-1.0,860.16597,116.46167,-25.448124,3182.5998,6.5058333,7.9116666,35.718334,527.01986,131.7291
6262t6,297.8,200.0,4.0,0.35,Jorro,-1.0,1.0,1.0,1.0,868.99459,125.29388,-37.797023,3299.6499,8.0008334,10.0025,44.675,515.72036,126.67656
6262t6,297.8,200.0,4.0,0.35,MQF,-1.0,1.0,1.0,1.0,871.79098,127.62576,-25.00159,3274.0153,7.0633333,8.6733334,37.790833,509.19795,128.07011
6262t6,297.8,600.0,4.0,0.35,Seco,1.0,1.0,1.0,-1.0,822.86489,73.283952,-29.883442,9039.713,6.6575,7.9241667,32.21,591.53539,249.59857
6262t6,297.8,600.0,4.0,0.35,Jorro,1.0,1.0,1.0,1.0,831.4643,74.290732,-36.580776,9069.6585,7.855,9.88,42.971666,603.4934,243.57577
6262t6,297.8,600.0,4.0,0.35,MQF,1.0,1.0,1.0,1.0,841.7695,73.317285,-28.625715,9179.5712,6.935,8.46,37.385,596.32718,258.94895
6262t6,297.8,200.0,1.0,0.2,Seco,-1.0,-1.0,-1.0,-1.0,126.77852,21.040767,10.28273,656.12821,1.6175,2.0666667,8.9241667,480.63364,59.792009
6262t6,297.8,200.0,1.0,0.2,Jorro,-1.0,-1.0,-1.0,1.0,128.72908,20.641205,9.3978318,659.43489,1.4933333,1.8641667,7.7566666,478.52341,54.352602
6262t6,297.8,200.0,1.0,0.2,MQF,-1.0,-1.0,-1.0,1.0,127.38563,20.114047,13.500524,658.71352,1.4666667,1.8383334,7.7783334,480.15558,58.328663
6262t6,297.8,600.0,1.0,0.2,Seco,1.0,-1.0,-1.0,-1.0,124.42377,19.92251,9.5108385,1946.3764,1.655,2.0766666,8.4433333,569.47224,91.142732
6262t6,297.8,600.0,1.0,0.2,Jorro,1.0,-1.0,-1.0,1.0,127.94929,19.776388,4.900415,2018.0004,1.6658334,2.0783334,8.5375,568.7403,90.870636
6262t6,297.8,600.0,1.0,0.2,MQF,1.0,-1.0,-1.0,1.0,130.54171,19.927892,10.826767,1951.7221,1.64,2.0558333,8.3783334,572.63396,87.577973
6262t6,297.8,200.0,1.0,0.35,Seco,-1.0,-1.0,1.0,-1.0,201.94059,20.371017,8.6146653,954.70167,2.9983334,3.8075,17.124167,505.46609,104.34985
6262t6,297.8,200.0,1.0,0.35,Jorro,-1.0,-1.0,1.0,1.0,201.74462,17.7585,6.1340101,945.68329,3.0575,3.8533333,16.854166,502.91238,106.34645
6262t6,297.8,200.0,1.0,0.35,MQF,-1.0,-1.0,1.0,1.0,205.49349,20.355657,11.130155,951.98054,2.9983334,3.7866666,16.776666,505.70475,106.68361
6262t6,297.8,600.0,1.0,0.35,Seco,1.0,-1.0,1.0,-1.0,197.1621,13.181813,4.1107761,2856.0822,2.9633334,3.7608334,16.678334,590.79037,136.23173
6262t6,297.8,600.0,1.0,0.35,Jorro,1.0,-1.0,1.0,1.0,197.39781,12.115118,0.65260805,2913.6935,2.9333333,3.7291666,16.175,590.97903,139.00781
6262t6,297.8,600.0,1.0,0.35,MQF,1.0,-1.0,1.0,1.0,199.65102,12.756474,6.3317823,2846.7862,2.9216666,3.71,16.723333,593.00949,154.02067
6351t6,335.53,200.0,4.0,0.2,Jorro,-1.0,1.0,-1.0,1.0,630.26426,141.16721,-15.420102,2281.5889,0.95083334,1.17,5.0275,500.57657,66.721498
6351t6,335.53,200.0,4.0,0.2,MQF,-1.0,1.0,-1.0,1.0,647.45425,146.2339,-11.585755,2435.525,1.015,1.2508334,5.4808333,507.99278,62.226225
6351t6,335.53,600.0,4.0,0.2,Seco,1.0,1.0,-1.0,-1.0,577.10109,74.862332,-21.489839,6766.2231,1.1525,1.4566666,6.4325,584.59866,84.774713
6351t6,335.53,600.0,4.0,0.2,Jorro,1.0,1.0,-1.0,1.0,583.86638,87.833838,-17.793891,6806.1046,0.94916667,1.1658334,4.9858334,590.06554,82.847914
6351t6,335.53,600.0,4.0,0.2,MQF,1.0,1.0,-1.0,1.0,601.9808,89.72359,-13.225155,6823.1304,0.92416667,1.1391666,4.8875,590.86776,89.270545
6351t6,335.53,200.0,4.0,0.35,Seco,-1.0,1.0,1.0,-1.0,1023.9154,177.18856,-24.817889,3807.4749,4.0516667,4.8516667,18.62,525.22972,95.079106
6351t6,335.53,200.0,4.0,0.35,Jorro,-1.0,1.0,1.0,1.0,1032.9967,165.68446,-24.563229,3908.3616,3.9733333,4.7116666,17.6525,532.50649,104.53053
6351t6,335.53,200.0,4.0,0.35,MQF,-1.0,1.0,1.0,1.0,1034.8564,168.56578,-22.021429,3891.2401,4.365,5.3125,20.758333,529.9672,97.292076
6351t6,335.53,600.0,4.0,0.35,Seco,1.0,1.0,1.0,-1.0,928.68199,71.180285,-36.374788,10036.601,4.1966667,5.06,20.651667,606.88928,142.75633
6351t6,335.53,600.0,4.0,0.35,Jorro,1.0,1.0,1.0,1.0,926.25164,70.569706,-39.251002,9992.1965,4.3291667,5.175,20.141666,619.26472,131.35993
6351t6,335.53,600.0,4.0,0.35,MQF,1.0,1.0,1.0,1.0,928.99518,74.433998,-34.2897,9995.8723,4.3133333,5.1966667,20.7275,606.38244,134.43001
6351t6,335.53,200.0,1.0,0.2,Seco,-1.0,-1.0,-1.0,-1.0,160.95996,39.223655,18.825967,781.11666,1.5725,2.0008333,8.1483333,487.38328,45.203855
6351t6,335.53,200.0,1.0,0.2,Jorro,-1.0,-1.0,-1.0,1.0,163.08985,40.352593,15.240866,794.83964,1.5375,1.9616667,8.0083334,483.5722,49.46351
6351t6,335.53,200.0,1.0,0.2,MQF,-1.0,-1.0,-1.0,1.0,160.34538,38.920052,18.744291,779.74137,1.5508333,1.9766666,8.0808334,489.30312,47.95017
6351t6,335.53,600.0,1.0,0.2,Seco,1.0,-1.0,-1.0,-1.0,143.302,24.375733,9.6891106,2166.0958,1.5716667,2.0291667,8.5133333,565.71049,39.397828
6351t6,335.53,600.0,1.0,0.2,Jorro,1.0,-1.0,-1.0,1.0,147.99948,24.398348,4.1491101,2223.5037,1.6066667,2.0575,8.5308334,565.7508,42.01963
6351t6,335.53,600.0,1.0,0.2,MQF,1.0,-1.0,-1.0,1.0,151.03884,24.170046,10.575023,2148.9865,1.5933333,2.0658334,8.9075,571.92555,51.179463
6351t6,335.53,200.0,1.0,0.35,Seco,-1.0,-1.0,1.0,-1.0,262.56376,43.083556,24.853153,1127.8279,4.095,5.0366666,20.473334,513.8922,107.68835
6351t6,335.53,200.0,1.0,0.35,Jorro,-1.0,-1.0,1.0,1.0,254.53774,41.310861,19.212911,1131.1876,4.0883334,5.035,20.499167,507.45948,82.369874
6351t6,335.53,200.0,1.0,0.35,MQF,-1.0,-1.0,1.0,1.0,259.15947,42.231963,23.826318,1131.2119,4.0758333,5.0075,20.479166,513.17824,88.524436
6351t6,335.53,600.0,1.0,0.35,Seco,1.0,-1.0,1.0,-1.0,225.3264,15.273883,3.9538166,3095.1426,4.1,5.0425,20.738334,583.72577,67.7136
6351t6,335.53,600.0,1.0,0.35,Jorro,1.0,-1.0,1.0,1.0,224.95512,13.586156,-0.46990235,3130.7516,4.1108334,5.0491667,20.535833,591.82955,50.526218
6351t6,335.53,600.0,1.0,0.35,MQF,1.0,-1.0,1.0,1.0,228.24133,20.736944,4.4219865,3046.1571,4.0891667,5.02,20.491667,595.54305,47.320739
7075t6,571.47,200.0,4.0,0.2,Jorro,-1.0,1.0,-1.0,1.0,748.7545,233.16933,-1.904827,2783.3144,2.325,2.8041667,10.905834,573.68148,22.346578
7075t6,571.47,200.0,4.0,0.2,MQF,-1.0,1.0,-1.0,1.0,750.80105,237.47047,8.1155765,2938.524,2.365,2.7983334,10.941667,567.40147,26.084177
7075t6,571.47,600.0,4.0,0.2,Seco,1.0,1.0,-1.0,-1.0,679.49318,179.75199,7.4751655,7999.7752,2.685,3.0975,11.536666,633.01988,16.149897
7075t6,571.47,600.0,4.0,0.2,Jorro,1.0,1.0,-1.0,1.0,677.63984,185.18923,4.514467,7963.6251,2.4516666,2.8158334,10.235834,635.62959,18.981821
7075t6,571.47,600.0,4.0,0.2,MQF,1.0,1.0,-1.0,1.0,686.9395,193.23371,8.0338525,7899.3756,2.5216667,2.9266667,10.9575,633.71811,15.352884
7075t6,571.47,200.0,4.0,0.35,Seco,-1.0,1.0,1.0,-1.0,1153.2431,224.51539,-16.366504,4296.9361,10.1175,11.611667,39.150833,575.50539,74.827417
7075t6,571.47,200.0,4.0,0.35,Jorro,-1.0,1.0,1.0,1.0,1150.4096,221.74455,-23.143587,4378.3646,9.8941665,11.354167,38.590834,591.46353,80.460468
7075t6,571.47,200.0,4.0,0.35,MQF,-1.0,1.0,1.0,1.0,1179.3045,228.44354,-18.594606,4390.644,9.9675,11.431667,38.968334,590.78724,87.753058
7075t6,571.47,600.0,4.0,0.35,Seco,1.0,1.0,1.0,-1.0,965.04428,153.54213,-22.690437,10386.992,9.9025,11.421667,38.469167,641.39082,167.18301
7075t6,571.47,600.0,4.0,0.35,Jorro,1.0,1.0,1.0,1.0,991.72327,166.85187,-28.520747,10425.046,9.9383335,11.449167,38.174166,647.10028,170.2497
7075t6,571.47,600.0,4.0,0.35,MQF,1.0,1.0,1.0,1.0,1003.1278,172.11571,-20.253883,10662.931,9.9275,11.463333,38.565,642.88567,168.60062
7075t6,571.47,200.0,1.0,0.2,Seco,-1.0,-1.0,-1.0,-1.0,169.88308,31.364272,-0.89119678,747.51426,1.8691666,2.29,9.05,564.22589,20.275557
7075t6,571.47,200.0,1.0,0.2,Jorro,-1.0,-1.0,-1.0,1.0,166.69755,31.542137,-5.7592206,759.49248,1.8158334,2.2266666,8.6416666,564.37475,20.911581
7075t6,571.47,200.0,1.0,0.2,MQF,-1.0,-1.0,-1.0,1.0,164.8727,30.37397,-3.8040439,749.77767,1.8133334,2.23,8.8408334,568.50727,21.606206
7075t6,571.47,600.0,1.0,0.2,Seco,1.0,-1.0,-1.0,-1.0,150.58999,24.320309,-4.305791,2140.0728,2.0241667,2.4783333,9.9491666,639.80169,14.11537
7075t6,571.47,600.0,1.0,0.2,Jorro,1.0,-1.0,-1.0,1.0,153.30865,24.853994,-8.6432996,2203.2519,2.0283334,2.4808334,9.55,637.41091,17.257127
7075t6,571.47,600.0,1.0,0.2,MQF,1.0,-1.0,-1.0,1.0,163.2757,25.005452,-3.595304,2132.1729,2.0225,2.4725,9.6083334,635.01025,15.513707
7075t6,571.47,200.0,1.0,0.35,Seco,-1.0,-1.0,1.0,-1.0,257.61147,30.547268,-5.5619295,1130.2071,4.0708334,4.9725,20.154167,588.97726,58.201065
7075t6,571.47,200.0,1.0,0.35,Jorro,-1.0,-1.0,1.0,1.0,256.95741,30.50981,-11.44987,1123.3374,4.0408333,4.9591667,20.201667,586.82382,49.506195
7075t6,571.47,200.0,1.0,0.35,MQF,-1.0,-1.0,1.0,1.0,265.0347,30.898555,-5.0339079,1141.315,4.03,4.9266666,19.5125,588.26387,49.876427
7075t6,571.47,600.0,1.0,0.35,Seco,1.0,-1.0,1.0,-1.0,232.69648,12.675652,-16.557291,3171.8196,4.2066666,5.1558334,21.414167,652.00422,29.533482
7075t6,571.47,600.0,1.0,0.35,Jorro,1.0,-1.0,1.0,1.0,237.71174,11.79695,-19.066182,3237.2932,4.0975,5.0233333,20.049166,653.54125,30.210182
7075t6,571.47,600.0,1.0,0.35,MQF,1.0,-1.0,1.0,1.0,244.3363,15.918607,-14.933477,3263.0523,4.03,4.9141667,19.535,655.11631,33.354756
7075t73,502.35,200.0,4.0,0.2,Jorro,-1.0,1.0,-1.0,1.0,680.46561,215.25125,34.166902,2449.7439,0.96333335,1.8991667,4.8366666,325.46532,17.109212
7075t73,502.35,200.0,4.0,0.2,MQF,-1.0,1.0,-1.0,1.0,701.49621,213.09044,39.13845,2571.8174,1.0366666,1.27,5.7216666,324.60073,12.865619
7075t73,502.35,600.0,4.0,0.2,Seco,1.0,1.0,-1.0,-1.0,631.55855,176.74346,66.581674,7233.2776,1.4475,1.7075,6.5841667,349.92311,9.669031
7075t73,502.35,600.0,4.0,0.2,Jorro,1.0,1.0,-1.0,1.0,647.92585,204.87591,69.633673,7347.012,1.2375,1.4683334,5.6616666,352.48901,11.280639
7075t73,502.35,600.0,4.0,0.2,MQF,1.0,1.0,-1.0,1.0,658.3316,205.58525,78.583075,7342.0445,1.3375,1.5591666,5.6441666,350.25616,8.8118052
7075t73,502.35,200.0,4.0,0.35,Seco,-1.0,1.0,1.0,-1.0,1119.1109,248.41314,39.523472,4114.6042,3.2808334,3.965,15.325834,550.30632,17.519033
7075t73,502.35,200.0,4.0,0.35,Jorro,-1.0,1.0,1.0,1.0,1132.3096,253.58874,43.795854,4229.7729,3.2491667,3.885,15.118334,550.91091,28.191536
7075t73,502.35,200.0,4.0,0.35,MQF,-1.0,1.0,1.0,1.0,1156.9649,257.87878,43.645773,4230.2205,3.2616667,3.9208333,15.208334,547.24149,19.279978
7075t73,502.35,600.0,4.0,0.35,Seco,1.0,1.0,1.0,-1.0,1010.4655,171.87165,59.399946,10512.431,3.6208333,4.2741666,16.236666,605.67876,30.779606
7075t73,502.35,600.0,4.0,0.35,Jorro,1.0,1.0,1.0,1.0,1023.3934,187.24317,61.834225,10593.491,3.5383334,4.2566666,16.340834,606.53624,44.05415
7075t73,502.35,600.0,4.0,0.35,MQF,1.0,1.0,1.0,1.0,1029.8707,187.36333,69.174818,10607.833,3.4941666,4.2241666,16.2075,605.24046,38.833199
7075t73,502.35,200.0,1.0,0.2,Seco,-1.0,-1.0,-1.0,-1.0,177.25301,41.360922,15.5739,824.66326,1.8608334,2.2858333,8.73,541.14363,11.738254
7075t73,502.35,200.0,1.0,0.2,Jorro,-1.0,-1.0,-1.0,1.0,174.14427,43.470684,9.2421275,839.78663,1.9825,2.4225,9.1908334,544.38143,11.528233
7075t73,502.35,200.0,1.0,0.2,MQF,-1.0,-1.0,-1.0,1.0,179.00043,42.296162,12.110492,818.79407,1.8416667,2.27,8.7875,552.45863,11.870464
7075t73,502.35,600.0,1.0,0.2,Seco,1.0,-1.0,-1.0,-1.0,158.93916,27.329942,7.1500652,2346.8906,1.9758333,2.4483334,9.4575,608.9106,7.0945887
7075t73,502.35,600.0,1.0,0.2,Jorro,1.0,-1.0,-1.0,1.0,158.98637,30.393078,-1.0437655,2414.016,1.9066667,2.3625,9.2725,596.64381,7.0869528
7075t73,502.35,600.0,1.0,0.2,MQF,1.0,-1.0,-1.0,1.0,165.6316,27.915857,9.0359507,2336.8739,1.945,2.3991667,9.5716666,605.5734,7.5522292
7075t73,502.35,200.0,1.0,0.35,Seco,-1.0,-1.0,1.0,-1.0,282.36398,42.907737,6.6187075,1210.8401,4.1583333,5.0183334,19.519167,556.49873,27.955437
7075t73,502.35,200.0,1.0,0.35,Jorro,-1.0,-1.0,1.0,1.0,279.97062,42.873599,6.5968273,1208.5261,4.26,5.1366667,19.859167,547.24041,30.865612
7075t73,502.35,200.0,1.0,0.35,MQF,-1.0,-1.0,1.0,1.0,288.64182,45.967901,7.1179943,1225.441,4.1966667,5.0716667,19.659167,551.91963,28.097105
7075t73,502.35,600.0,1.0,0.35,Seco,1.0,-1.0,1.0,-1.0,248.87021,22.051981,-0.594708,3405.2414,4.0041667,4.9333333,19.591667,614.41711,14.345542
7075t73,502.35,600.0,1.0,0.35,Jorro,1.0,-1.0,1.0,1.0,255.06557,23.306581,-6.5217774,3469.507,4.0266666,4.9441666,19.325,602.01487,14.69968
7075t73,502.35,600.0,1.0,0.35,MQF,1.0,-1.0,1.0,1.0,261.95004,27.305206,3.3597347,3402.8252,4.0433334,4.9608333,19.3625,612.09573,38.121019
