nome_teste,idx_inicio,idx_fim,media_potencia,sd_potencia,n
Teste1_1,11.0,38.0,963.2346585714286,49.51151316660232,28
Teste1_2,12.0,49.0,974.0758463157895,55.309945880487845,38
Teste2_1,4.0,19.0,1340.260141875,189.72367716368743,16
Teste2_2,9.0,33.0,1179.4440984,128.61928764056356,25
Teste3_1,7.0,24.0,1197.23748,76.4033152422982,18
Teste3_2,7.0,25.0,1108.699,110.5841375914615,19
Teste4_1,5.0,14.0,1730.973211,293.31460163005113,10
Teste4_2,6.0,15.0,1690.536254,237.8719403630107,10
Teste5_1,7.0,53.0,901.2271731914893,62.864599983876325,47
Teste5_2,11.0,55.0,932.0037853333333,67.82742429817003,45
Teste6_1,7.0,26.0,1198.292118,128.55925623639635,20
Teste6_2,5.0,23.0,1179.4063994736841,98.70143957333138,19
Teste7_1,6.0,25.0,1029.5817775,71.90434271980656,20
Teste7_2,9.0,27.0,1020.9701563157895,79.10087273225481,19
Teste8_1,5.0,14.0,1344.004622,192.83434684127528,10
Teste8_2,4.0,15.0,1277.6409841666666,225.4829307819459,12
