Teste,Ra1,Rq1,Rz1,...5,Réplica,Ra2,Rq2,Rz2
1.0,1.197,1.46,6.34,,1.0,1.347,1.736,8.429
1.0,1.331,1.642,8.324,,1.0,2.213,2.89,13.499
2.0,0.921,1.126,5.3,,2.0,1.392,1.689,7.296
2.0,0.837,0.988,3.992,,2.0,0.873,1.072,5.046
3.0,4.411,5.139,18.531,,3.0,4.42,5.14,18.008
3.0,4.457,5.195,18.865,,3.0,4.462,5.217,19.41
4.0,4.44,5.171,18.025,,4.0,4.426,5.141,17.636
4.0,4.418,5.166,19.195,,4.0,4.473,5.247,19.819
5.0,0.855,1.021,4.511,,5.0,0.806,0.952,3.848
5.0,0.797,0.949,4.184,,5.0,0.814,0.975,4.034
6.0,0.78,0.917,3.523,,6.0,0.798,0.936,3.609
6.0,0.794,0.939,4.173,,6.0,0.807,0.945,3.586
7.0,4.443,5.138,17.501,,7.0,4.448,5.162,17.67
7.0,4.482,5.185,17.734,,7.0,4.458,5.167,17.531
8.0,4.331,5.024,17.1,,8.0,4.363,5.06,17.021
8.0,4.367,5.06,17.089,,8.0,4.372,5.075,17.223
