nome_teste,timestamp,tensao,corrente,corrente_cod1_eq,corrente_cod1_eq_x100
Teste1_1,20:34:04,224.41,3.811,8.435383771929825,843.5383771929825
Teste1_1,20:34:04,247.81,3.498,7.742580014224752,774.2580014224752
Teste1_1,20:34:04,221.46,3.844,8.50842697961119,850.842697961119
Teste1_1,20:34:05,244.78,4.123,9.1259740990991,912.59740990991
Teste1_1,20:34:05,238.48,4.321,9.564233345187292,956.4233345187292
Teste1_1,20:34:05,235.12,4.383,9.701466038406828,970.1466038406828
Teste1_1,20:34:06,234.79,4.239,9.382732041251778,938.2732041251778
Teste1_1,20:34:08,248.18,4.357,9.643916844476056,964.3916844476056
Teste1_1,20:34:08,218.45,4.43,9.80549727358938,980.549727358938
Teste1_1,20:34:08,230.12,3.494,7.733726292081556,773.3726292081556
Teste1_1,20:34:09,243.22,4.101,9.077278627311523,907.7278627311523
Teste1_1,20:34:09,248.12,3.922,8.68107456140351,868.1074561403509
Teste1_1,20:34:09,241.48,4.257,9.422573790896159,942.2573790896159
Teste1_1,20:34:10,239.66,4.387,9.710319760550023,971.0319760550024
Teste1_1,20:34:10,232.68,4.099,9.072851766239925,907.2851766239925
Teste1_1,20:34:11,245.81,3.903,8.63901938122333,863.9019381223329
Teste1_1,20:34:11,236.57,4.339,9.604075094831675,960.4075094831675
Teste1_1,20:34:11,233.37,3.659,8.098942330488383,809.8942330488383
Teste1_1,20:34:12,232.66,3.953,8.749690908013276,874.9690908013276
Teste1_1,20:34:12,247.2,3.942,8.725343172119489,872.5343172119489
Teste1_1,20:34:12,238.83,3.923,8.683287991939308,868.3287991939308
Teste1_1,20:34:13,231.38,4.152,9.19016358463727,919.016358463727
Teste1_1,20:34:13,227.97,3.764,8.331352536747273,833.1352536747273
Teste1_1,20:34:13,240.73,4.144,9.172456140350878,917.2456140350878
Teste1_1,20:34:14,222.85,4.252,9.411506638217165,941.1506638217165
Teste1_1,20:34:14,231.23,3.977,8.802813240872451,880.2813240872451
Teste1_1,20:34:14,233.7,4.122,9.1237606685633,912.37606685633
Teste1_1,20:34:15,234.06,3.859,8.541628437648175,854.1628437648175
Teste1_1,20:34:15,245.87,4.054,8.973247392128972,897.3247392128972
Teste1_1,20:34:15,240.6,3.943,8.727556602655287,872.7556602655287
Teste1_1,20:34:16,244.12,4.009,8.873643018018019,887.3643018018018
Teste1_1,20:34:16,227.51,4.143,9.170242709815078,917.0242709815078
Teste1_1,20:34:16,234.14,3.856,8.534988146040778,853.4988146040778
Teste1_1,20:34:17,250.27,3.997,8.847081851588431,884.7081851588431
Teste1_1,20:34:17,229.17,4.19,9.274273944997631,927.4273944997631
Teste1_1,20:34:17,248.43,3.905,8.643446242294926,864.3446242294926
Teste1_1,20:34:18,253.3,4.163,9.21451132053106,921.451132053106
Teste1_1,20:34:18,244.51,4.054,8.973247392128972,897.3247392128972
Teste1_1,20:34:19,226.53,4.168,9.225578473210053,922.5578473210053
Teste1_1,20:34:19,227.87,4.017,8.89135046230441,889.135046230441
Teste1_1,20:34:19,221.87,3.995,8.842654990516833,884.2654990516833
Teste1_1,20:34:20,226.47,3.328,7.366296823138929,736.6296823138929
Teste1_1,20:34:20,236.54,3.519,7.78906205547653,778.9062055476529
Teste1_1,20:34:20,217.28,3.368,7.454834044570886,745.4834044570887
Teste1_1,20:34:21,233.19,3.51,7.769141180654339,776.9141180654339
Teste1_1,20:34:21,234.94,3.439,7.611987612612613,761.1987612612613
Teste1_1,20:34:21,240.92,3.636,8.048033428165008,804.8033428165007
Teste1_1,20:34:22,245.31,3.58,7.924081318160266,792.4081318160266
Teste1_2,20:35:32,231.01,3.622,8.017045400663822,801.7045400663822
Teste1_2,20:35:32,232.25,3.363,7.443766891891892,744.3766891891892
Teste1_2,20:35:33,243.45,3.464,7.667323376007587,766.7323376007587
Teste1_2,20:35:33,237.08,3.459,7.656256223328592,765.6256223328592
Teste1_2,20:35:33,214.3,3.989,8.829374407302039,882.9374407302039
Teste1_2,20:35:34,240.01,4.006,8.867002726410622,886.7002726410622
Teste1_2,20:35:34,253.21,4.175,9.241072486960645,924.1072486960645
Teste1_2,20:35:34,236.97,4.278,9.469055832147937,946.9055832147938
Teste1_2,20:35:35,219.1,4.088,9.048504030346136,904.8504030346136
Teste1_2,20:35:35,251.3,3.511,7.771354611190138,777.1354611190138
Teste1_2,20:35:35,243.82,4.172,9.234432195353248,923.4432195353248
Teste1_2,20:35:36,229.15,4.514,9.991425438596492,999.1425438596492
Teste1_2,20:35:36,230.29,4.066,8.99980855855856,899.9808558558559
Teste1_2,20:35:36,239.42,3.861,8.546055298719773,854.6055298719773
Teste1_2,20:35:37,238.42,4.048,8.959966808914178,895.9966808914178
Teste1_2,20:35:37,209.87,4.199,9.29419481981982,929.419481981982
Teste1_2,20:35:38,233.81,4.053,8.971033961593173,897.1033961593173
Teste1_2,20:35:38,244.34,4.59,10.15964615931721,1015.964615931721
Teste1_2,20:35:38,243.64,4.485,9.927235953058323,992.7235953058323
Teste1_2,20:35:39,248.51,4.073,9.015302572309153,901.5302572309154
Teste1_2,20:35:39,247.72,3.94,8.72091631104789,872.091631104789
Teste1_2,20:35:39,253.98,3.821,8.457518077287816,845.7518077287816
Teste1_2,20:35:40,236.61,4.144,9.172456140350878,917.2456140350878
Teste1_2,20:35:40,222.67,4.41,9.761228662873402,976.1228662873401
Teste1_2,20:35:40,244.26,4.092,9.057357752489331,905.7357752489331
Teste1_2,20:35:41,248.17,3.935,8.709849158368895,870.9849158368895
Teste1_2,20:35:41,234.75,4.057,8.979887683736369,897.9887683736368
Teste1_2,20:35:41,225.04,4.006,8.867002726410622,886.7002726410622
Teste1_2,20:35:42,237.21,3.973,8.793959518729256,879.3959518729256
Teste1_2,20:35:42,216.26,4.209,9.316329125177809,931.6329125177809
Teste1_2,20:35:42,241.51,4.013,8.882496740161214,888.2496740161214
Teste1_2,20:35:43,246.35,4.467,9.88739420341394,988.7394203413941
Teste1_2,20:35:43,229.82,4.652,10.29687885253675,1029.687885253675
Teste1_2,20:35:43,247.98,3.929,8.696568575154101,869.6568575154101
Teste1_2,20:35:44,237.36,3.872,8.57040303461356,857.0403034613561
Teste1_2,20:35:44,234.99,3.88,8.588110478899953,858.8110478899953
Teste1_2,20:35:45,238.76,3.988,8.82716097676624,882.716097676624
Teste1_2,20:35:45,226.62,3.939,8.718702880512092,871.8702880512092
Teste1_2,20:35:45,235.94,4.028,8.915698198198198,891.5698198198198
Teste1_2,20:35:46,240.15,4.176,9.243285917496445,924.3285917496445
Teste1_2,20:35:46,246.23,4.018,8.89356389284021,889.3563892840209
Teste1_2,20:35:46,233.35,4.156,9.199017306780464,919.9017306780464
Teste1_2,20:35:47,257.33,3.853,8.528347854433381,852.8347854433381
Teste1_2,20:35:47,240.71,3.824,8.46415836889521,846.4158368895211
Teste1_2,20:35:47,242.92,4.123,9.1259740990991,912.59740990991
Teste1_2,20:35:48,238.62,4.015,8.886923601232812,888.6923601232812
Teste1_2,20:35:48,245.58,4.138,9.159175557136084,915.9175557136084
Teste1_2,20:35:48,237.82,4.088,9.048504030346136,904.8504030346136
Teste1_2,20:35:49,230.49,4.107,9.090559210526317,909.0559210526317
Teste1_2,20:35:49,236.64,4.125,9.130400960170698,913.0400960170698
Teste1_2,20:35:49,215.48,3.931,8.7009954362257,870.09954362257
Teste1_2,20:35:50,231.34,3.691,8.16977210763395,816.977210763395
Teste1_2,20:35:50,218.05,3.393,7.510169807965861,751.016980796586
Teste2_1,20:37:44,241.13,5.689,12.59220631816027,1259.220631816027
Teste2_1,20:37:45,221.06,5.657,12.5213765410147,1252.13765410147
Teste2_1,20:37:45,230.38,5.164,11.43015528686581,1143.015528686581
Teste2_1,20:37:45,249.28,5.131,11.35711207918445,1135.711207918445
Teste2_1,20:37:46,244.7,4.592,10.16407302038881,1016.407302038881
Teste2_1,20:37:46,247.03,6.119,13.54398144855382,1354.398144855382
Teste2_1,20:37:46,257.05,5.044,11.16454362256994,1116.454362256994
Teste2_1,20:37:47,249.37,4.764,10.54478307254623,1054.478307254623
Teste2_1,20:37:47,241.92,6.049,13.38904131104789,1338.904131104789
Teste2_1,20:37:47,239.99,4.514,9.991425438596492,999.1425438596492
Teste2_1,20:37:48,250.58,6.239,13.80959311284969,1380.959311284969
Teste2_1,20:37:48,238.71,6.364,14.08627192982456,1408.627192982456
Teste2_1,20:37:48,263.41,6.064,13.42224276908487,1342.224276908487
Teste2_1,20:37:49,238.38,4.871,10.78162013987672,1078.162013987672
Teste2_1,20:37:49,248.16,6.335,14.02208244428639,1402.208244428639
Teste2_1,20:37:49,250.66,5.704,12.62540777619725,1262.540777619725
Teste2_1,20:37:50,244.78,5.22,11.55410739687055,1155.410739687055
Teste2_1,20:37:50,244.23,5.591,12.37529012565197,1237.529012565197
Teste2_1,20:37:50,236.85,4.275,9.462415540540542,946.2415540540542
Teste2_1,20:37:51,251.38,3.821,8.457518077287816,845.7518077287816
Teste2_1,20:37:51,238.84,3.964,8.774038643907065,877.4038643907065
Teste2_1,20:37:52,219.28,4.442,9.832058440018967,983.2058440018967
Teste2_1,20:37:52,232.39,4.614,10.21276849217639,1021.276849217639
Teste2_1,20:37:52,234.06,3.143,6.956812174016122,695.6812174016122
Teste2_1,20:37:53,238.52,3.599,7.966136498340447,796.6136498340447
Teste2_2,20:39:01,236.79,4.14,9.163602418207681,916.3602418207681
Teste2_2,20:39:01,237.05,3.748,8.29593764817449,829.593764817449
Teste2_2,20:39:01,226.78,4.188,9.269847083926031,926.9847083926031
Teste2_2,20:39:02,230.32,3.821,8.457518077287816,845.7518077287816
Teste2_2,20:39:02,231.81,4.097,9.068424905168328,906.8424905168329
Teste2_2,20:39:02,227.82,4.583,10.14415214556662,1014.415214556662
Teste2_2,20:39:03,230.92,6.141,13.5926769203414,1359.26769203414
Teste2_2,20:39:03,223.71,5.229,11.57402827169275,1157.402827169275
Teste2_2,20:39:03,230.21,5.391,11.93260401849218,1193.260401849218
Teste2_2,20:39:04,222.27,4.64,10.27031768610716,1027.031768610716
Teste2_2,20:39:04,235.29,6.657,14.73480707681366,1473.480707681366
Teste2_2,20:39:04,232.85,4.272,9.455775248933145,945.5775248933145
Teste2_2,20:39:05,239.67,4.527,10.02020003556188,1002.020003556188
Teste2_2,20:39:05,240.97,5.258,11.63821775723092,1163.821775723092
Teste2_2,20:39:06,237.82,5.271,11.6669923541963,1166.69923541963
Teste2_2,20:39:06,236.79,4.705,10.41419067093409,1041.419067093409
Teste2_2,20:39:06,239.44,4.677,10.35221461593172,1035.221461593172
Teste2_2,20:39:07,220.22,5.167,11.43679557847321,1143.679557847321
Teste2_2,20:39:07,245.25,5.49,12.15173364153627,1215.173364153628
Teste2_2,20:39:07,237.31,4.367,9.666051149834045,966.6051149834045
Teste2_2,20:39:08,244.14,4.283,9.480122984826934,948.0122984826935
Teste2_2,20:39:08,245.02,5.01,11.08928698435277,1108.928698435278
Teste2_2,20:39:08,237.33,4.515,9.99363886913229,999.3638869132291
Teste2_2,20:39:09,227.34,5.557,12.3000334874348,1230.003348743481
Teste2_2,20:39:09,242.85,5.08,11.2442271218587,1124.42271218587
Teste2_2,20:39:09,244.67,5.272,11.6692057847321,1166.92057847321
Teste2_2,20:39:10,255.71,4.478,9.91174193930773,991.174193930773
Teste2_2,20:39:10,233.18,4.545,10.06004178520626,1006.004178520626
Teste2_2,20:39:10,246.18,5.0,11.06715267899478,1106.715267899478
Teste2_2,20:39:11,251.36,5.164,11.43015528686581,1143.015528686581
Teste2_2,20:39:11,218.6,5.689,12.59220631816027,1259.220631816027
Teste2_2,20:39:11,225.54,4.709,10.42304439307729,1042.304439307729
Teste2_2,20:39:12,231.64,4.841,10.71521722380275,1071.521722380275
Teste2_2,20:39:12,232.59,3.788,8.384474869606448,838.4474869606448
Teste2_2,20:39:13,232.57,3.87,8.565976173541964,856.5976173541964
Teste2_2,20:39:13,238.16,4.603,10.1884207562826,1018.84207562826
Teste2_2,20:39:13,231.55,4.66,10.31458629682314,1031.458629682314
Teste2_2,20:39:14,230.94,4.023,8.904631045519203,890.4631045519203
Teste2_2,20:39:14,223.49,4.037,8.935619073020389,893.5619073020389
Teste2_2,20:39:14,220.08,4.227,9.356170874822192,935.6170874822192
Teste2_2,20:39:15,237.01,4.068,9.004235419630156,900.4235419630156
Teste2_2,20:39:15,228.35,4.342,9.61071538643907,961.071538643907
Teste2_2,20:39:15,241.05,3.798,8.406609174964439,840.6609174964439
Teste2_2,20:39:16,237.74,4.179,9.249926209103842,924.9926209103842
Teste2_2,20:39:16,214.8,3.319,7.346375948316738,734.6375948316738
Teste2_2,20:39:16,238.21,4.032,8.924551920341395,892.4551920341395
Teste2_2,20:39:17,217.5,3.884,8.596964201043148,859.6964201043148
Teste2_2,20:39:17,251.65,3.493,7.731512861545757,773.1512861545757
Teste2_2,20:39:17,220.85,4.08,9.030796586059745,903.0796586059745
Teste3_1,20:40:27,226.94,3.621,8.014831970128023,801.4831970128023
Teste3_1,20:40:27,242.17,3.546,7.848824679943101,784.8824679943101
Teste3_1,20:40:27,224.13,3.54,7.835544096728308,783.5544096728307
Teste3_1,20:40:27,226.73,3.287,7.275546171171172,727.5546171171172
Teste3_1,20:40:28,247.25,3.79,8.388901730678047,838.8901730678047
Teste3_1,20:40:28,249.92,5.057,11.19331821953533,1119.331821953533
Teste3_1,20:40:28,226.98,5.277,11.6802729374111,1168.02729374111
Teste3_1,20:40:29,232.73,4.864,10.76612612612613,1076.612612612613
Teste3_1,20:40:29,239.54,4.298,9.513324442863917,951.3324442863917
Teste3_1,20:40:30,237.48,5.409,11.97244576813656,1197.244576813656
Teste3_1,20:40:30,239.73,4.924,10.89893195827407,1089.893195827407
Teste3_1,20:40:30,243.53,4.985,11.0339512209578,1103.39512209578
Teste3_1,20:40:31,239.48,4.682,10.36328176861072,1036.328176861072
Teste3_1,20:40:31,243.01,4.908,10.86351706970128,1086.351706970128
Teste3_1,20:40:31,245.61,4.723,10.45403242057847,1045.403242057847
Teste3_1,20:40:32,237.23,5.202,11.51426564722617,1151.426564722618
Teste3_1,20:40:32,240.47,5.121,11.33497777382646,1133.497777382646
Teste3_1,20:40:32,230.24,5.181,11.4677836059744,1146.77836059744
Teste3_1,20:40:33,251.01,4.973,11.00739005452821,1100.739005452821
Teste3_1,20:40:33,251.7,5.476,12.12074561403509,1212.074561403509
Teste3_1,20:40:33,238.37,4.642,10.27474454717876,1027.474454717876
Teste3_1,20:40:34,238.46,4.908,10.86351706970128,1086.351706970128
Teste3_1,20:40:34,231.11,5.466,12.0986113086771,1209.86113086771
Teste3_1,20:40:34,251.65,4.82,10.66873518255097,1066.873518255097
Teste3_1,20:40:35,243.35,4.915,10.87901108345187,1087.901108345187
Teste3_1,20:40:35,230.56,3.659,8.098942330488383,809.8942330488383
Teste3_1,20:40:35,231.11,3.642,8.061314011379801,806.1314011379801
Teste3_1,20:40:36,230.69,3.327,7.364083392603129,736.4083392603129
Teste3_2,20:41:24,233.54,3.629,8.032539414414416,803.2539414414416
Teste3_2,20:41:24,226.91,3.523,7.797915777619726,779.7915777619726
Teste3_2,20:41:25,229.75,3.352,7.419419155998104,741.9419155998104
Teste3_2,20:41:25,237.25,3.531,7.815623221906117,781.5623221906117
Teste3_2,20:41:25,240.71,4.754,10.52264876718824,1052.264876718824
Teste3_2,20:41:26,230.7,5.258,11.63821775723092,1163.821775723092
Teste3_2,20:41:26,234.73,4.879,10.79932758416311,1079.932758416311
Teste3_2,20:41:26,238.41,5.098,11.28406887150308,1128.406887150308
Teste3_2,20:41:27,238.23,4.578,10.13308499288763,1013.308499288763
Teste3_2,20:41:27,230.04,4.89,10.8236753200569,1082.36753200569
Teste3_2,20:41:27,212.96,5.01,11.08928698435277,1108.928698435278
Teste3_2,20:41:28,242.79,4.961,10.98082888809863,1098.082888809863
Teste3_2,20:41:28,248.49,5.022,11.11584815078236,1111.584815078236
Teste3_2,20:41:28,229.79,4.968,10.99632290184922,1099.632290184922
Teste3_2,20:41:29,235.72,4.876,10.79268729255572,1079.268729255572
Teste3_2,20:41:29,233.22,4.072,9.013089141773353,901.3089141773353
Teste3_2,20:41:29,236.73,4.723,10.45403242057847,1045.403242057847
Teste3_2,20:41:30,216.59,4.531,10.02905375770507,1002.905375770507
Teste3_2,20:41:30,237.92,5.321,11.77766388098625,1177.766388098625
Teste3_2,20:41:31,238.77,4.584,10.14636557610242,1014.636557610242
Teste3_2,20:41:31,229.1,4.625,10.23711622807018,1023.711622807018
Teste3_2,20:41:31,238.06,4.567,10.10873725699384,1010.873725699384
Teste3_2,20:41:32,217.37,4.4,9.73909435751541,973.9094357515411
Teste3_2,20:41:32,241.72,5.307,11.74667585348507,1174.667585348506
Teste3_2,20:41:32,243.16,3.632,8.039179706021812,803.9179706021812
Teste3_2,20:41:33,227.88,3.44,7.614201043148412,761.4201043148412
Teste3_2,20:41:33,237.97,3.496,7.738153153153154,773.8153153153154
Teste4_1,20:42:49,251.45,4.768,10.55363679468943,1055.363679468943
Teste4_1,20:42:49,232.02,3.865,8.554909020862969,855.4909020862968
Teste4_1,20:42:49,228.89,3.83,8.477438952110006,847.7438952110006
Teste4_1,20:42:50,224.74,4.868,10.77497984826932,1077.497984826932
Teste4_1,20:42:50,244.76,8.099,17.92657390943575,1792.657390943575
Teste4_1,20:42:50,218.47,7.409,16.39930683973447,1639.930683973447
Teste4_1,20:42:51,228.82,7.645,16.92167644618302,1692.167644618302
Teste4_1,20:42:51,232.82,7.985,17.67424282835467,1767.424282835467
Teste4_1,20:42:51,235.98,8.18,18.10586178283547,1810.586178283547
Teste4_1,20:42:52,229.98,7.741,17.13416577761972,1713.416577761972
Teste4_1,20:42:52,236.4,7.515,16.63393047652916,1663.393047652916
Teste4_1,20:42:52,246.87,7.599,16.81985864153627,1681.985864153628
Teste4_1,20:42:53,248.93,7.188,15.9101386913229,1591.01386913229
Teste4_1,20:42:53,237.17,3.997,8.847081851588431,884.7081851588431
Teste4_1,20:42:54,242.29,4.311,9.542099039829303,954.2099039829303
Teste4_1,20:42:54,246.02,5.068,11.21766595542911,1121.766595542911
Teste4_1,20:42:54,240.04,3.407,7.541157835467047,754.1157835467047
Teste4_2,20:43:48,224.87,4.595,10.17071331199621,1017.071331199621
Teste4_2,20:43:49,220.65,3.943,8.727556602655287,872.7556602655287
Teste4_2,20:43:49,223.57,3.691,8.16977210763395,816.977210763395
Teste4_2,20:43:49,237.43,4.27,9.451348387861545,945.1348387861545
Teste4_2,20:43:50,236.24,4.337,9.599648233760076,959.9648233760076
Teste4_2,20:43:50,220.22,8.067,17.85574413229019,1785.574413229019
Teste4_2,20:43:50,226.25,7.672,16.9814390706496,1698.14390706496
Teste4_2,20:43:51,234.84,7.57,16.75566915599811,1675.566915599811
Teste4_2,20:43:51,234.4,8.049,17.8159023826458,1781.59023826458
Teste4_2,20:43:51,234.67,7.521,16.64721105974396,1664.721105974396
Teste4_2,20:43:52,243.38,7.305,16.16911006401138,1616.911006401138
Teste4_2,20:43:52,234.29,7.37,16.31298304883831,1631.298304883831
Teste4_2,20:43:52,238.88,7.312,16.18460407776197,1618.460407776197
Teste4_2,20:43:53,254.99,6.597,14.60200124466572,1460.200124466572
Teste4_2,20:43:53,242.46,4.249,9.404866346609767,940.4866346609767
Teste4_2,20:43:54,222.4,4.205,9.307475403034614,930.7475403034614
Teste4_2,20:43:54,237.46,3.223,7.133886616880038,713.3886616880038
Teste4_2,20:43:54,225.57,3.57,7.901947012802276,790.1947012802276
Teste4_2,20:43:55,234.94,3.675,8.134357219061167,813.4357219061167
Teste4_2,20:43:55,238.43,4.211,9.32075598624941,932.075598624941
Teste4_2,20:43:55,241.53,4.203,9.303048541963017,930.3048541963017
Teste5_1,20:44:56,214.58,3.662,8.105582622095781,810.5582622095781
Teste5_1,20:44:56,250.02,3.753,8.307004800853486,830.7004800853485
Teste5_1,20:44:56,244.06,3.915,8.665580547652917,866.5580547652917
Teste5_1,20:44:57,228.82,3.56,7.879812707444287,787.9812707444287
Teste5_1,20:44:57,232.15,3.669,8.121076635846373,812.1076635846373
Teste5_1,20:44:57,235.54,4.357,9.643916844476056,964.3916844476056
Teste5_1,20:44:58,236.74,4.11,9.097199502133714,909.7199502133714
Teste5_1,20:44:58,204.91,4.0,8.853722143195828,885.3722143195828
Teste5_1,20:44:58,229.16,3.955,8.754117769084875,875.4117769084875
Teste5_1,20:44:59,236.04,3.714,8.220681009957326,822.0681009957326
Teste5_1,20:44:59,236.86,4.311,9.542099039829303,954.2099039829303
Teste5_1,20:44:59,237.72,3.905,8.643446242294926,864.3446242294926
Teste5_1,20:45:00,224.81,3.895,8.621311936936937,862.1311936936937
Teste5_1,20:45:00,230.79,3.941,8.723129741583689,872.3129741583689
Teste5_1,20:45:01,233.48,3.971,8.789532657657658,878.9532657657658
Teste5_1,20:45:01,226.62,3.86,8.543841868183973,854.3841868183973
Teste5_1,20:45:01,239.43,4.186,9.265420222854434,926.5420222854434
Teste5_1,20:45:02,221.0,3.8,8.411036036036036,841.1036036036036
Teste5_1,20:45:02,230.37,3.981,8.811666963015648,881.1666963015648
Teste5_1,20:45:02,236.64,3.829,8.475225521574206,847.5225521574206
Teste5_1,20:45:03,236.93,3.736,8.269376481744903,826.9376481744903
Teste5_1,20:45:03,243.24,3.905,8.643446242294926,864.3446242294926
Teste5_1,20:45:03,217.33,3.651,8.081234886201992,808.1234886201992
Teste5_1,20:45:04,228.44,3.81,8.433170341394026,843.3170341394026
Teste5_1,20:45:04,242.31,3.811,8.435383771929825,843.5383771929825
Teste5_1,20:45:04,238.61,3.689,8.165345246562353,816.5345246562354
Teste5_1,20:45:05,243.99,4.011,8.878069879089617,887.8069879089617
Teste5_1,20:45:05,247.92,4.164,9.216724751066856,921.6724751066856
Teste5_1,20:45:05,224.79,3.69,8.167558677098151,816.7558677098151
Teste5_1,20:45:06,240.09,3.669,8.121076635846373,812.1076635846373
Teste5_1,20:45:06,235.0,4.09,9.052930891417734,905.2930891417734
Teste5_1,20:45:06,228.76,4.004,8.862575865339023,886.2575865339023
Teste5_1,20:45:07,211.8,3.771,8.346846550497867,834.6846550497867
Teste5_1,20:45:07,232.29,3.892,8.61467164532954,861.467164532954
Teste5_1,20:45:08,214.11,4.055,8.97546082266477,897.546082266477
Teste5_1,20:45:08,224.57,4.035,8.931192211948792,893.1192211948792
Teste5_1,20:45:08,219.42,4.175,9.241072486960645,924.1072486960645
Teste5_1,20:45:09,237.93,4.122,9.1237606685633,912.37606685633
Teste5_1,20:45:09,207.1,3.988,8.82716097676624,882.716097676624
Teste5_1,20:45:09,252.33,3.809,8.430956910858228,843.0956910858229
Teste5_1,20:45:10,237.22,3.951,8.74526404694168,874.5264046941679
Teste5_1,20:45:10,220.41,3.64,8.056887150308203,805.6887150308203
Teste5_1,20:45:10,225.65,3.605,7.97941708155524,797.941708155524
Teste5_1,20:45:11,241.7,4.014,8.884710170697014,888.4710170697014
Teste5_1,20:45:11,228.36,4.107,9.090559210526317,909.0559210526317
Teste5_1,20:45:11,227.69,3.53,7.813409791370318,781.3409791370318
Teste5_1,20:45:12,235.78,4.296,9.50889758179232,950.889758179232
Teste5_1,20:45:12,223.92,3.807,8.42653004978663,842.6530049786629
Teste5_1,20:45:12,240.38,3.775,8.355700272641062,835.5700272641062
Teste5_1,20:45:13,243.45,3.829,8.475225521574206,847.5225521574206
Teste5_1,20:45:13,236.31,3.757,8.315858522996681,831.5858522996681
Teste5_1,20:45:13,233.22,3.45,7.636335348506402,763.6335348506402
Teste5_1,20:45:14,243.98,3.509,7.76692775011854,776.692775011854
Teste5_1,20:45:14,234.37,3.397,7.519023530109057,751.9023530109057
Teste5_1,20:45:15,224.3,3.458,7.654042792792794,765.4042792792793
Teste5_1,20:45:15,236.55,3.628,8.030325983878615,803.0325983878615
Teste5_1,20:45:15,242.88,4.068,9.004235419630156,900.4235419630156
Teste5_1,20:45:16,241.96,3.899,8.630165659080133,863.0165659080133
Teste5_1,20:45:16,235.37,3.198,7.078550853485065,707.8550853485065
Teste5_1,20:45:16,230.65,5.332,11.80201161688004,1180.201161688004
Teste5_1,20:45:17,238.62,5.111,11.31284346846847,1131.284346846847
Teste5_2,20:46:07,249.72,3.727,8.249455606922712,824.9455606922712
Teste5_2,20:46:07,247.46,3.953,8.749690908013276,874.9690908013276
Teste5_2,20:46:08,227.23,3.711,8.21404071834993,821.4040718349929
Teste5_2,20:46:08,234.33,3.215,7.116179172593647,711.6179172593647
Teste5_2,20:46:08,229.8,4.099,9.072851766239925,907.2851766239925
Teste5_2,20:46:09,233.33,3.945,8.731983463726886,873.1983463726885
Teste5_2,20:46:09,228.83,4.138,9.159175557136084,915.9175557136084
Teste5_2,20:46:09,231.77,3.985,8.820520685158844,882.0520685158843
Teste5_2,20:46:10,229.92,3.954,8.751904338549076,875.1904338549076
Teste5_2,20:46:10,236.23,3.645,8.067954302987198,806.7954302987198
Teste5_2,20:46:10,254.52,4.025,8.909057906590803,890.9057906590804
Teste5_2,20:46:11,233.14,3.72,8.23396159317212,823.396159317212
Teste5_2,20:46:11,246.71,4.361,9.652770566619251,965.2770566619251
Teste5_2,20:46:11,220.51,4.055,8.97546082266477,897.546082266477
Teste5_2,20:46:12,232.67,4.188,9.269847083926031,926.9847083926031
Teste5_2,20:46:12,232.33,4.02,8.897990753911806,889.7990753911806
Teste5_2,20:46:12,246.96,3.913,8.661153686581319,866.1153686581318
Teste5_2,20:46:13,239.02,3.803,8.417676327643433,841.7676327643433
Teste5_2,20:46:13,238.62,4.051,8.966607100521575,896.6607100521575
Teste5_2,20:46:14,233.44,3.989,8.829374407302039,882.9374407302039
Teste5_2,20:46:14,252.77,4.053,8.971033961593173,897.1033961593173
Teste5_2,20:46:14,238.15,4.205,9.307475403034614,930.7475403034614
Teste5_2,20:46:15,228.24,4.116,9.110480085348506,911.0480085348506
Teste5_2,20:46:15,247.44,4.293,9.502257290184923,950.2257290184923
Teste5_2,20:46:15,227.91,4.218,9.33625,933.625
Teste5_2,20:46:16,231.4,4.251,9.409293207681367,940.9293207681367
Teste5_2,20:46:16,241.02,4.089,9.050717460881936,905.0717460881935
Teste5_2,20:46:16,232.39,4.075,9.01972943338075,901.972943338075
Teste5_2,20:46:17,237.91,4.078,9.026369724988147,902.6369724988147
Teste5_2,20:46:17,228.09,4.167,9.223365042674253,922.3365042674253
Teste5_2,20:46:17,222.29,3.897,8.625738798008536,862.5738798008535
Teste5_2,20:46:18,215.92,3.821,8.457518077287816,845.7518077287816
Teste5_2,20:46:18,229.28,3.885,8.599177631578947,859.9177631578947
Teste5_2,20:46:18,235.91,4.206,9.309688833570414,930.9688833570414
Teste5_2,20:46:19,213.76,3.981,8.811666963015648,881.1666963015648
Teste5_2,20:46:19,224.64,3.841,8.501786688003794,850.1786688003793
Teste5_2,20:46:19,222.02,4.112,9.10162636320531,910.1626363205311
Teste5_2,20:46:20,235.59,3.87,8.565976173541964,856.5976173541964
Teste5_2,20:46:20,217.1,4.334,9.59300794215268,959.300794215268
Teste5_2,20:46:21,231.76,3.759,8.32028538406828,832.0285384068279
Teste5_2,20:46:21,240.51,4.301,9.519964734471314,951.9964734471314
Teste5_2,20:46:21,247.7,4.075,9.01972943338075,901.972943338075
Teste5_2,20:46:22,221.5,4.277,9.466842401612139,946.6842401612139
Teste5_2,20:46:22,236.79,4.078,9.026369724988147,902.6369724988147
Teste5_2,20:46:22,243.74,4.02,8.897990753911806,889.7990753911806
Teste5_2,20:46:23,238.78,3.951,8.74526404694168,874.5264046941679
Teste5_2,20:46:23,229.49,3.841,8.501786688003794,850.1786688003793
Teste5_2,20:46:23,221.57,3.592,7.950642484589854,795.0642484589854
Teste5_2,20:46:24,223.82,4.032,8.924551920341395,892.4551920341395
Teste5_2,20:46:24,239.81,3.937,8.714276019440494,871.4276019440493
Teste5_2,20:46:24,235.73,3.832,8.481865813181603,848.1865813181603
Teste5_2,20:46:25,221.13,3.6,7.968349928876245,796.8349928876245
Teste5_2,20:46:25,234.28,3.837,8.492932965860598,849.2932965860598
Teste5_2,20:46:25,228.08,3.585,7.935148470839261,793.514847083926
Teste5_2,20:46:26,235.65,3.506,7.760287458511143,776.0287458511143
Teste5_2,20:46:26,229.74,3.483,7.709378556187767,770.9378556187767
Teste5_2,20:46:26,235.07,3.585,7.935148470839261,793.514847083926
Teste5_2,20:46:27,219.4,3.463,7.665109945471788,766.5109945471788
Teste5_2,20:46:27,199.18,3.294,7.291040184921765,729.1040184921765
Teste5_2,20:46:27,234.64,3.411,7.550011557610242,755.0011557610242
Teste5_2,20:46:28,230.03,3.502,7.751433736367947,775.1433736367946
Teste5_2,20:46:28,236.67,5.029,11.13134216453295,1113.134216453295
Teste5_2,20:46:29,227.94,4.964,10.98746917970602,1098.746917970602
Teste5_2,20:46:29,243.21,5.165,11.43236871740161,1143.236871740161
Teste5_2,20:46:29,243.99,5.48,12.12959933617829,1212.959933617828
Teste5_2,20:46:30,236.4,5.122,11.33719120436226,1133.719120436226
Teste5_2,20:46:30,226.74,5.373,11.8927622688478,1189.27622688478
Teste5_2,20:46:30,234.28,4.58,10.13751185395922,1013.751185395922
Teste5_2,20:46:31,239.56,5.399,11.95031146277857,1195.031146277857
Teste6_1,20:47:19,227.63,3.713,8.218467579421528,821.8467579421529
Teste6_1,20:47:19,239.25,4.617,10.21940878378378,1021.940878378378
Teste6_1,20:47:19,234.58,4.439,9.82541814841157,982.541814841157
Teste6_1,20:47:20,245.82,4.014,8.884710170697014,888.4710170697014
Teste6_1,20:47:20,240.58,4.415,9.772295815552395,977.2295815552395
Teste6_1,20:47:20,246.89,6.256,13.84722143195827,1384.722143195827
Teste6_1,20:47:21,240.09,4.889,10.8214618895211,1082.14618895211
Teste6_1,20:47:21,257.37,4.741,10.49387417022285,1049.387417022285
Teste6_1,20:47:21,244.21,4.831,10.69308291844476,1069.308291844476
Teste6_1,20:47:22,230.55,5.436,12.03220839260313,1203.220839260313
Teste6_1,20:47:22,220.39,4.757,10.52928905879564,1052.928905879564
Teste6_1,20:47:22,242.39,4.592,10.16407302038881,1016.407302038881
Teste6_1,20:47:23,242.55,6.076,13.44880393551446,1344.880393551446
Teste6_1,20:47:23,230.35,5.413,11.98129949027975,1198.129949027975
Teste6_1,20:47:23,246.2,5.098,11.28406887150308,1128.406887150308
Teste6_1,20:47:24,233.64,4.833,10.69750977951636,1069.750977951636
Teste6_1,20:47:24,241.63,5.025,11.12248844238976,1112.248844238976
Teste6_1,20:47:24,238.66,4.886,10.8148215979137,1081.48215979137
Teste6_1,20:47:25,248.48,5.052,11.18225106685633,1118.225106685633
Teste6_1,20:47:25,236.2,4.324,9.57087363679469,957.087363679469
Teste6_1,20:47:25,235.8,6.199,13.72105589141773,1372.105589141773
Teste6_1,20:47:26,230.35,5.558,12.3022469179706,1230.22469179706
Teste6_1,20:47:26,235.5,4.647,10.28581169985775,1028.581169985775
Teste6_1,20:47:27,228.37,4.443,9.834271870554765,983.4271870554766
Teste6_1,20:47:27,242.9,5.424,12.00564722617354,1200.564722617354
Teste6_1,20:47:27,225.69,4.639,10.26810425557136,1026.810425557136
Teste6_1,20:47:28,224.24,3.74,8.2782302038881,827.8230203888099
Teste6_1,20:47:28,223.13,4.411,9.763442093409198,976.3442093409199
Teste6_1,20:47:28,212.35,3.601,7.970563359412044,797.0563359412045
Teste6_1,20:47:29,234.07,3.606,7.981630512091039,798.1630512091039
Teste6_1,20:47:29,236.12,3.933,8.705422297297298,870.5422297297298
Teste6_1,20:47:29,232.53,4.074,9.01751600284495,901.751600284495
Teste6_1,20:47:30,227.85,4.211,9.32075598624941,932.075598624941
Teste6_1,20:47:30,237.48,3.981,8.811666963015648,881.1666963015648
Teste6_2,20:48:28,228.58,4.337,9.599648233760076,959.9648233760076
Teste6_2,20:48:28,244.97,4.102,9.079492057847322,907.9492057847322
Teste6_2,20:48:28,238.68,3.845,8.51064041014699,851.0640410146991
Teste6_2,20:48:29,236.15,4.246,9.398226055002372,939.8226055002372
Teste6_2,20:48:29,243.16,5.184,11.47442389758179,1147.442389758179
Teste6_2,20:48:29,229.75,4.861,10.75948583451873,1075.948583451873
Teste6_2,20:48:30,230.09,5.028,11.12912873399715,1112.912873399715
Teste6_2,20:48:30,240.0,4.734,10.47838015647226,1047.838015647226
Teste6_2,20:48:30,220.61,5.193,11.49434477240398,1149.434477240398
Teste6_2,20:48:31,226.98,4.581,10.13972528449502,1013.972528449502
Teste6_2,20:48:31,234.1,5.493,12.15837393314367,1215.837393314367
Teste6_2,20:48:32,240.48,5.172,11.4478627311522,1144.78627311522
Teste6_2,20:48:32,233.07,5.589,12.37086326458037,1237.086326458037
Teste6_2,20:48:32,223.88,4.438,9.82320471787577,982.320471787577
Teste6_2,20:48:33,242.78,4.562,10.09767010431484,1009.767010431484
Teste6_2,20:48:33,235.9,4.906,10.85909020862968,1085.909020862968
Teste6_2,20:48:33,239.83,4.96,10.97861545756283,1097.861545756283
Teste6_2,20:48:34,228.88,4.576,10.12865813181603,1012.865813181603
Teste6_2,20:48:34,225.83,5.335,11.80865190848744,1180.865190848744
Teste6_2,20:48:34,235.02,5.365,11.8750548245614,1187.50548245614
Teste6_2,20:48:35,240.56,4.903,10.85244991702229,1085.244991702229
Teste6_2,20:48:35,231.17,6.031,13.34919956140351,1334.919956140351
Teste6_2,20:48:35,239.57,4.95,10.95648115220484,1095.648115220484
Teste6_2,20:48:36,233.81,4.697,10.3964832266477,1039.64832266477
Teste6_2,20:48:36,219.56,5.781,12.79584192745377,1279.584192745377
Teste6_2,20:48:36,249.16,4.051,8.966607100521575,896.6607100521575
Teste6_2,20:48:37,225.87,3.945,8.731983463726886,873.1983463726885
Teste6_2,20:48:37,232.92,3.765,8.333565967283073,833.3565967283073
Teste6_2,20:48:37,222.55,4.398,9.734667496443812,973.4667496443813
Teste7_1,20:49:26,243.08,3.576,7.91522759601707,791.522759601707
Teste7_1,20:49:26,237.97,3.637,8.050246858700806,805.0246858700806
Teste7_1,20:49:27,224.66,3.744,8.287083926031295,828.7083926031295
Teste7_1,20:49:27,226.87,3.837,8.492932965860598,849.2932965860598
Teste7_1,20:49:27,250.64,4.558,10.08881638217165,1008.881638217165
Teste7_1,20:49:28,235.11,4.411,9.763442093409198,976.3442093409199
Teste7_1,20:49:28,241.63,4.169,9.227791903745851,922.7791903745851
Teste7_1,20:49:28,225.26,4.501,9.962650841631106,996.2650841631106
Teste7_1,20:49:29,242.19,4.479,9.913955369843528,991.3955369843528
Teste7_1,20:49:29,237.54,4.708,10.42083096254149,1042.083096254149
Teste7_1,20:49:29,224.98,4.086,9.044077169274539,904.4077169274539
Teste7_1,20:49:30,241.97,4.328,9.579727358937886,957.9727358937886
Teste7_1,20:49:30,224.41,4.068,9.004235419630156,900.4235419630156
Teste7_1,20:49:30,236.51,4.489,9.936089675201517,993.6089675201517
Teste7_1,20:49:31,230.87,3.967,8.780678935514462,878.0678935514462
Teste7_1,20:49:31,240.69,4.874,10.78826043148412,1078.826043148412
Teste7_1,20:49:32,229.86,4.721,10.44960555950688,1044.960555950688
Teste7_1,20:49:32,239.3,4.237,9.378305180180181,937.8305180180181
Teste7_1,20:49:32,227.05,4.282,9.477909554291134,947.7909554291134
Teste7_1,20:49:33,239.67,4.35,9.628422830725462,962.8422830725463
Teste7_1,20:49:33,242.17,4.163,9.21451132053106,921.451132053106
Teste7_1,20:49:33,243.29,3.985,8.820520685158844,882.0520685158843
Teste7_1,20:49:34,219.34,4.551,10.07332236842105,1007.332236842105
Teste7_1,20:49:34,260.4,4.382,9.69925260787103,969.925260787103
Teste7_1,20:49:34,244.52,4.373,9.679331733048839,967.9331733048839
Teste7_1,20:49:35,230.63,3.386,7.494675794215269,749.4675794215268
Teste7_1,20:49:35,225.32,3.251,7.195862671882409,719.586267188241
Teste7_1,20:49:35,236.15,3.49,7.72487256993836,772.487256993836
Teste7_1,20:49:36,233.71,3.412,7.552224988146041,755.2224988146041
Teste7_1,20:49:36,230.92,4.612,10.20834163110479,1020.834163110479
Teste7_2,20:50:14,230.06,3.603,7.974990220483642,797.4990220483642
Teste7_2,20:50:14,234.11,3.523,7.797915777619726,779.7915777619726
Teste7_2,20:50:15,231.13,3.519,7.78906205547653,778.9062055476529
Teste7_2,20:50:15,242.17,3.535,7.824476944049313,782.4476944049313
Teste7_2,20:50:15,242.21,4.022,8.902417614983406,890.2417614983406
Teste7_2,20:50:16,237.86,3.907,8.647873103366525,864.7873103366525
Teste7_2,20:50:16,252.59,4.106,9.088345779990517,908.8345779990517
Teste7_2,20:50:17,244.29,4.247,9.40043948553817,940.043948553817
Teste7_2,20:50:17,249.31,4.703,10.4097638098625,1040.97638098625
Teste7_2,20:50:17,216.71,4.432,9.809924134660978,980.9924134660978
Teste7_2,20:50:18,225.06,4.257,9.422573790896159,942.2573790896159
Teste7_2,20:50:18,233.53,4.135,9.152535265528687,915.2535265528687
Teste7_2,20:50:18,250.33,4.272,9.455775248933145,945.5775248933145
Teste7_2,20:50:19,237.49,4.658,10.31015943575154,1031.015943575154
Teste7_2,20:50:19,244.75,4.2,9.29640825035562,929.640825035562
Teste7_2,20:50:19,221.51,4.595,10.17071331199621,1017.071331199621
Teste7_2,20:50:20,228.45,4.503,9.967077702702703,996.7077702702703
Teste7_2,20:50:20,232.8,4.269,9.449134957325748,944.9134957325748
Teste7_2,20:50:20,251.18,4.02,8.897990753911806,889.7990753911806
Teste7_2,20:50:21,237.12,4.632,10.25261024182077,1025.261024182077
Teste7_2,20:50:21,219.04,4.351,9.630636261261262,963.0636261261262
Teste7_2,20:50:21,236.82,4.389,9.714746621621623,971.4746621621623
Teste7_2,20:50:22,249.01,4.194,9.283127667140825,928.3127667140825
Teste7_2,20:50:22,231.03,4.23,9.362811166429589,936.2811166429589
Teste7_2,20:50:22,235.28,4.568,10.11095068752963,1011.095068752963
Teste7_2,20:50:23,236.89,4.625,10.23711622807018,1023.711622807018
Teste7_2,20:50:23,238.67,3.374,7.468114627785681,746.811462778568
Teste7_2,20:50:24,241.78,3.442,7.61862790422001,761.862790422001
Teste7_2,20:50:24,232.63,3.33,7.370723684210527,737.0723684210527
Teste7_2,20:50:24,221.17,3.617,8.005978247984828,800.5978247984829
Teste7_2,20:50:25,243.77,5.09,11.26636142721669,1126.636142721669
Teste7_2,20:50:25,246.35,4.904,10.85466334755808,1085.466334755808
Teste7_2,20:50:25,240.77,5.42,11.99679350403035,1199.679350403035
Teste7_2,20:50:26,212.64,4.575,10.12644470128023,1012.644470128023
Teste8_1,20:51:10,246.51,3.896,8.623525367472736,862.3525367472736
Teste8_1,20:51:10,224.45,3.667,8.116649774774775,811.6649774774775
Teste8_1,20:51:10,249.96,4.175,9.241072486960645,924.1072486960645
Teste8_1,20:51:10,219.99,3.865,8.554909020862969,855.4909020862968
Teste8_1,20:51:11,246.4,4.357,9.643916844476056,964.3916844476056
Teste8_1,20:51:11,246.89,6.865,15.19520062825984,1519.520062825984
Teste8_1,20:51:12,224.74,5.488,12.14730678046468,1214.730678046468
Teste8_1,20:51:12,252.39,5.959,13.18983256282598,1318.983256282598
Teste8_1,20:51:12,231.7,5.947,13.1632713963964,1316.32713963964
Teste8_1,20:51:13,229.94,4.873,10.78604700094832,1078.604700094832
Teste8_1,20:51:13,233.08,6.541,14.47804913466098,1447.804913466098
Teste8_1,20:51:13,233.22,5.512,12.20042911332385,1220.042911332385
Teste8_1,20:51:14,238.11,5.832,12.90872688477952,1290.872688477952
Teste8_1,20:51:14,229.68,5.386,11.92153686581318,1192.153686581318
Teste8_1,20:51:14,209.65,3.814,8.442024063537222,844.2024063537222
Teste8_1,20:51:15,236.7,4.357,9.643916844476056,964.3916844476056
Teste8_1,20:51:15,219.7,4.497,9.95379711948791,995.3797119487909
Teste8_1,20:51:15,233.73,3.555,7.868745554765292,786.8745554765292
Teste8_1,20:51:16,237.69,3.183,7.045349395448079,704.5349395448079
Teste8_1,20:51:16,236.4,4.506,9.973717994310102,997.3717994310101
Teste8_1,20:51:16,222.06,3.917,8.670007408724514,867.0007408724514
Teste8_1,20:51:17,232.78,4.234,9.371664888572784,937.1664888572784
Teste8_2,20:51:56,235.21,4.621,10.22826250592698,1022.826250592698
Teste8_2,20:51:56,245.59,3.951,8.74526404694168,874.5264046941679
Teste8_2,20:51:56,240.88,3.315,7.337522226173542,733.7522226173542
Teste8_2,20:51:57,226.04,3.652,8.08344831673779,808.344831673779
Teste8_2,20:51:57,234.08,6.823,15.10223654575628,1510.223654575628
Teste8_2,20:51:57,233.26,5.612,12.42177216690375,1242.177216690375
Teste8_2,20:51:58,248.63,6.111,13.52627400426743,1352.627400426743
Teste8_2,20:51:58,238.24,5.898,13.05481330014225,1305.481330014225
Teste8_2,20:51:58,242.33,5.72,12.66082266477003,1266.082266477003
Teste8_2,20:51:59,238.0,5.031,11.13576902560455,1113.576902560455
Teste8_2,20:51:59,240.04,6.204,13.73212304409673,1373.212304409673
Teste8_2,20:51:59,224.02,5.942,13.1522042437174,1315.22042437174
Teste8_2,20:52:00,233.63,4.716,10.43853840682788,1043.853840682788
Teste8_2,20:52:00,228.16,4.514,9.991425438596492,999.1425438596492
Teste8_2,20:52:01,255.02,4.47,9.894034495021337,989.4034495021338
Teste8_2,20:52:01,240.73,4.049,8.962180239449978,896.2180239449979
Teste8_2,20:52:01,223.01,3.631,8.036966275486012,803.6966275486012
Teste8_2,20:52:02,231.16,3.362,7.441553461356094,744.1553461356093
Teste8_2,20:52:02,236.45,3.908,8.650086533902323,865.0086533902323
Teste8_2,20:52:02,219.25,3.584,7.932935040303462,793.2935040303462
Teste8_2,20:52:03,229.16,4.479,9.913955369843528,991.3955369843528
